Player,Team,fotmob_rating,minutes,matches,goals_per90,sot_per90,passes_per90,tackles_per90,interceptions_per90,blocks_per90,saves_per90,yellow_cards,red_cards,pens_conceded,assists_per90,big_chances_created_per90
Rodri,Manchester City,8.12,2938,34,0.25,0.7,102.9,1.3,0.8,0.2,0.0,8.0,1.0,0.0,0.2756977535738598,0.2450646698434309
Bukayo Saka,Arsenal,7.97,2933,35,0.49,1.1,33.4,1.1,0.5,0.1,0.0,4.0,0.0,0.0,0.2761677463348108,0.4602795772246846
Phil Foden,Manchester City,7.83,2865,35,0.6,1.5,46.7,0.6,0.4,0.0,0.0,2.0,0.0,1.0,0.2513089005235602,0.31413612565445026
Bruno Fernandes,Manchester United,7.83,3119,35,0.29,1.2,43.8,1.1,0.8,0.2,0.0,9.0,0.0,0.0,0.23084321898044247,0.6059634498236615
Cole Palmer,Chelsea,7.78,2624,34,0.75,1.6,37.4,0.4,0.7,0.1,0.0,7.0,0.0,0.0,0.3772865853658537,0.5830792682926829
Michael Olise,Crystal Palace,7.71,1277,19,0.7,1.5,35.7,0.7,0.8,0.0,0.0,0.0,0.0,0.0,0.4228660924040721,0.6342991386061081
Declan Rice,Arsenal,7.66,3230,38,0.2,0.6,56.3,1.4,1.2,0.3,0.0,5.0,0.0,2.0,0.22291021671826627,0.25077399380804954
Bruno Guimaraes,Newcastle United,7.65,3268,37,0.19,0.4,53.0,1.5,1.0,0.4,0.0,9.0,0.0,0.0,0.22031823745410034,0.33047735618115054
Erling Haaland,Manchester City,7.64,2556,31,0.95,2.1,10.4,0.1,0.1,0.0,0.0,1.0,0.0,0.0,0.17605633802816903,0.2112676056338028
Mohamed Salah,Liverpool,7.64,2535,32,0.64,2.0,25.1,0.4,0.1,0.0,0.0,2.0,0.0,0.0,0.3550295857988166,0.7810650887573964
Martin Ødegaard,Arsenal,7.64,3098,35,0.23,0.7,47.9,0.5,0.4,0.0,0.0,2.0,0.0,0.0,0.2905100064557779,0.49386701097482244
Eberechi Eze,Crystal Palace,7.6,2065,27,0.48,1.5,28.9,0.7,0.5,0.1,0.0,3.0,0.0,1.0,0.17433414043583534,0.30508474576271183
James Maddison,Tottenham Hotspur,7.59,2152,28,0.17,1.0,49.2,0.8,0.5,0.1,0.0,5.0,0.0,0.0,0.37639405204460963,0.4600371747211896
Bernardo Silva,Manchester City,7.57,2581,33,0.21,0.5,56.9,0.8,0.6,0.1,0.0,8.0,0.0,0.0,0.3138318481208834,0.4533126695079427
Trent Alexander-Arnold,Liverpool,7.57,2159,28,0.13,0.3,55.9,1.1,1.3,0.1,0.0,6.0,0.0,0.0,0.1667438628994905,0.7086614173228346
Josko Gvardiol,Manchester City,7.53,2328,28,0.15,0.5,59.1,1.3,1.0,0.5,0.0,3.0,0.0,0.0,0.03865979381443299,0.07731958762886598
Anthony Gordon,Newcastle United,7.51,2898,35,0.34,1.0,23.4,1.1,0.2,0.0,0.0,10.0,1.0,0.0,0.3105590062111801,0.4968944099378882
Alexis Mac Allister,Liverpool,7.51,2609,33,0.17,0.3,58.4,1.9,1.2,0.3,0.0,7.0,1.0,0.0,0.17247987734764278,0.10348792640858566
Conor Gallagher,Chelsea,7.5,3135,37,0.14,0.5,50.7,1.5,1.2,0.3,0.0,7.0,1.0,0.0,0.20095693779904306,0.3157894736842105
Heung-Min Son,Tottenham Hotspur,7.5,2946,35,0.52,1.2,26.6,0.4,0.2,0.0,0.0,1.0,0.0,1.0,0.3054989816700611,0.6109979633401222
Andrew Robertson,Liverpool,7.48,1691,23,0.16,0.4,58.1,1.3,0.7,0.3,0.0,2.0,0.0,0.0,0.10644589000591367,0.5322294500295683
Julián Álvarez,Manchester City,7.47,2657,36,0.37,1.4,33.1,0.4,0.1,0.0,0.0,2.0,0.0,0.0,0.304855099736545,0.23710952201731275
Pascal Gross,Brighton and Hove Albion,7.47,3114,36,0.12,0.6,76.3,1.3,0.6,0.2,0.0,7.0,0.0,1.0,0.2890173410404624,0.3179190751445087
Ollie Watkins,Aston Villa,7.4,3221,37,0.53,1.3,12.7,0.2,0.1,0.1,0.0,4.0,0.0,0.0,0.3632412294318535,0.3073579633654145
Mohammed Kudus,West Ham United,7.39,2483,33,0.29,0.6,23.7,1.7,0.4,0.0,0.0,6.0,0.0,1.0,0.21747885622231172,0.18123238018525978
Virgil van Dijk,Liverpool,7.39,3178,36,0.06,0.4,74.4,0.7,1.1,1.0,0.0,3.0,1.0,0.0,0.056639395846444306,0.08495909376966645
Pedro Porro,Tottenham Hotspur,7.38,3092,35,0.09,0.3,43.2,1.8,1.0,0.5,0.0,3.0,0.0,1.0,0.203751617076326,0.3783958602846054
James Ward-Prowse,West Ham United,7.37,3005,37,0.21,0.5,39.5,0.9,1.1,0.3,0.0,4.0,0.0,0.0,0.20965058236272877,0.3594009983361065
Alexander Isak,Newcastle United,7.37,2265,30,0.83,1.7,15.1,0.0,0.2,0.0,0.0,1.0,0.0,0.0,0.07947019867549669,0.1986754966887417
Kyle Walker,Manchester City,7.36,2767,32,0.0,0.1,62.8,0.8,0.9,0.2,0.0,2.0,0.0,0.0,0.13010480664980123,0.22768341163715214
Kieran Trippier,Newcastle United,7.35,2240,28,0.04,0.1,54.9,1.1,1.0,0.3,0.0,5.0,0.0,0.0,0.40178571428571425,0.5223214285714286
Cristian Romero,Tottenham Hotspur,7.32,2792,33,0.16,0.3,76.6,1.3,1.4,0.7,0.0,7.0,1.0,2.0,0.0,0.032234957020057305
Ross Barkley,Luton Town,7.32,2622,32,0.17,0.7,40.9,0.7,0.9,0.3,0.0,6.0,0.0,0.0,0.13729977116704806,0.20594965675057209
Jérémy Doku,Manchester City,7.32,1593,29,0.17,1.1,38.2,1.2,0.5,0.0,0.0,3.0,0.0,0.0,0.45197740112994356,0.2824858757062147
Manuel Akanji,Manchester City,7.31,2513,30,0.07,0.2,77.1,1.0,0.8,0.4,0.0,2.0,1.0,0.0,0.0,0.0
Lucas Paquetá,West Ham United,7.31,2634,31,0.14,0.4,36.3,1.6,0.7,0.0,0.0,10.0,0.0,0.0,0.20501138952164008,0.41002277904328016
Luis Diaz,Liverpool,7.31,2646,37,0.27,1.1,29.6,0.9,0.1,0.0,0.0,3.0,0.0,0.0,0.17006802721088435,0.17006802721088435
Pedro Neto,Wolverhampton Wanderers,7.3,1518,20,0.12,0.7,29.1,0.2,0.3,0.1,0.0,4.0,0.0,0.0,0.533596837944664,0.4150197628458498
Kai Havertz,Arsenal,7.3,2639,37,0.44,1.0,25.8,0.5,0.7,0.0,0.0,11.0,0.0,0.0,0.23872679045092837,0.2728306176582039
Matheus Cunha,Wolverhampton Wanderers,7.29,2453,32,0.44,1.4,23.5,0.6,0.5,0.3,0.0,9.0,0.0,0.0,0.2568283734203017,0.2568283734203017
Dominik Szoboszlai,Liverpool,7.28,2109,33,0.13,0.6,52.1,0.8,0.6,0.1,0.0,1.0,0.0,0.0,0.08534850640113797,0.29871977240398295
Ben White,Arsenal,7.28,2995,37,0.12,0.2,49.8,0.8,1.0,0.7,0.0,8.0,0.0,0.0,0.12020033388981637,0.21035058430717862
Douglas Luiz,Aston Villa,7.28,3001,35,0.27,0.5,52.9,1.1,0.7,0.2,0.0,12.0,0.0,0.0,0.14995001666111296,0.2999000333222259
Nathan Aké,Manchester City,7.27,2044,29,0.09,0.2,72.3,0.7,0.6,0.1,0.0,0.0,0.0,0.0,0.08806262230919765,0.13209393346379647
William Saliba,Arsenal,7.27,3420,38,0.05,0.1,69.2,0.7,0.8,0.4,0.0,4.0,0.0,1.0,0.026315789473684213,0.0
Christian Nørgaard,Brentford,7.26,2513,31,0.07,0.3,41.9,1.8,1.9,0.2,0.0,8.0,0.0,0.0,0.035813768404297654,0.2148826104257859
Diogo Jota,Liverpool,7.25,1150,21,0.78,1.6,22.4,1.0,0.5,0.1,0.0,1.0,1.0,0.0,0.2347826086956522,0.3130434782608696
Jarrod Bowen,West Ham United,7.25,3020,34,0.48,1.1,13.9,0.8,0.6,0.1,0.0,2.0,0.0,0.0,0.17880794701986755,0.3576158940397351
Morgan Gibbs-White,Nottingham Forest,7.24,3160,37,0.14,0.4,28.1,0.7,0.5,0.2,0.0,9.0,0.0,0.0,0.2848101265822785,0.45569620253164556
Idrissa Gana Gueye,Everton,7.24,1892,25,0.19,0.3,35.8,2.1,1.3,0.3,0.0,8.0,0.0,0.0,0.0,0.04756871035940804
Bryan Mbeumo,Brentford,7.23,1959,25,0.41,0.9,21.6,0.5,0.3,0.1,0.0,2.0,0.0,0.0,0.27565084226646247,0.27565084226646247
Kaoru Mitoma,Brighton and Hove Albion,7.23,1488,19,0.18,0.9,30.1,0.4,0.3,0.1,0.0,4.0,0.0,0.0,0.24193548387096775,0.3629032258064516
Gabriel,Arsenal,7.22,3044,36,0.12,0.3,56.5,0.8,0.9,1.0,0.0,4.0,0.0,0.0,0.0,0.05913272010512484
Oleksandr Zinchenko,Arsenal,7.22,1722,27,0.05,0.2,65.9,1.6,1.0,0.2,0.0,2.0,0.0,0.0,0.10452961672473868,0.2613240418118467
Diogo Dalot,Manchester United,7.2,3173,36,0.06,0.2,35.5,1.4,1.0,0.5,0.0,4.0,1.0,1.0,0.08509297195083516,0.1418216199180586
Marcos Senesi,Bournemouth,7.2,2247,31,0.16,0.2,39.6,1.3,1.4,0.9,0.0,13.0,0.0,0.0,0.20026702269692923,0.0801068090787717
John McGinn,Aston Villa,7.19,3009,35,0.18,0.5,28.3,1.0,0.6,0.1,0.0,9.0,1.0,0.0,0.11964107676969092,0.29910269192422734
Mario Lemina,Wolverhampton Wanderers,7.18,2974,35,0.12,0.5,37.8,1.8,1.2,0.3,0.0,10.0,1.0,0.0,0.03026227303295225,0.09078681909885676
Harry Maguire,Manchester United,7.18,1650,22,0.11,0.2,49.9,0.9,1.4,1.3,0.0,4.0,0.0,0.0,0.10909090909090909,0.10909090909090909
Nicolas Jackson,Chelsea,7.18,2804,35,0.45,1.3,16.5,0.4,0.1,0.2,0.0,10.0,0.0,0.0,0.16048502139800286,0.25677603423680456
Antonee Robinson,Fulham,7.17,3270,37,0.0,0.2,34.0,1.6,2.2,0.2,0.0,6.0,0.0,0.0,0.1651376146788991,0.1651376146788991
Alfie Doughty,Luton Town,7.16,2937,37,0.06,0.2,25.1,1.2,0.9,0.3,0.0,5.0,0.0,0.0,0.24514811031664963,0.30643513789581206
Ibrahima Konaté,Liverpool,7.16,1571,22,0.0,0.1,73.0,1.3,1.1,0.7,0.0,3.0,1.0,0.0,0.0,0.057288351368555056
Casemiro,Manchester United,7.16,1985,25,0.05,0.4,52.7,2.5,0.8,1.5,0.0,7.0,0.0,1.0,0.0906801007556675,0.0906801007556675
Dwight McNeil,Everton,7.16,2897,35,0.09,0.5,24.4,0.8,0.7,0.2,0.0,2.0,0.0,0.0,0.18639972385226097,0.5281325509147394
Darwin Nunez,Liverpool,7.16,2046,36,0.48,2.0,14.6,0.5,0.1,0.3,0.0,9.0,0.0,0.0,0.3519061583577713,0.4838709677419355
Jefferson Lerma,Crystal Palace,7.15,2403,28,0.04,0.3,37.8,0.9,1.3,0.4,0.0,8.0,0.0,0.0,0.03745318352059925,0.11235955056179775
Joao Palhinha,Fulham,7.15,2709,33,0.13,0.5,36.4,2.5,1.5,0.3,0.0,13.0,0.0,1.0,0.03322259136212624,0.03322259136212624
James Garner,Everton,7.15,3005,37,0.03,0.3,27.6,1.3,1.3,0.4,0.0,7.0,0.0,0.0,0.059900166389351084,0.20965058236272877
Leon Bailey,Aston Villa,7.14,2072,35,0.43,0.8,23.8,0.3,0.4,0.0,0.0,5.0,0.0,0.0,0.3909266409266409,0.5212355212355212
Ruben Dias,Manchester City,7.14,2557,30,0.0,0.3,86.4,0.7,1.1,0.6,0.0,0.0,0.0,1.0,0.0,0.03519749706687524
Josh Cullen,Burnley,7.13,2059,25,0.09,0.2,50.8,1.3,0.7,0.8,0.0,9.0,0.0,0.0,0.13113161728994657,0.13113161728994657
Malo Gusto,Chelsea,7.13,1755,27,0.0,0.3,55.7,1.4,0.9,0.2,0.0,7.0,1.0,1.0,0.3076923076923077,0.41025641025641024
James Tarkowski,Everton,7.13,3419,38,0.03,0.1,31.2,1.1,1.5,1.5,0.0,11.0,0.0,1.0,0.026323486399532026,0.13161743199766013
Jarrad Branthwaite,Everton,7.12,3117,35,0.09,0.1,31.7,0.9,1.4,1.0,0.0,8.0,0.0,1.0,0.0,0.028873917228103944
Dejan Kulusevski,Tottenham Hotspur,7.12,2763,36,0.26,0.8,30.2,1.1,0.6,0.0,0.0,7.0,0.0,1.0,0.09771986970684039,0.4560260586319218
Micky van de Ven,Tottenham Hotspur,7.12,2342,27,0.12,0.1,64.6,1.3,0.7,0.6,0.0,5.0,0.0,1.0,0.0,0.0
Sergio Reguilon,Brentford,7.12,1534,25,0.0,0.1,28.7,1.6,1.2,0.4,0.0,7.0,1.0,1.0,0.2346805736636245,0.3520208604954368
Chiedozie Ogbene,Luton Town,7.1,1993,30,0.18,0.6,23.2,0.5,0.3,0.1,0.0,1.0,0.0,0.0,0.04515805318615153,0.22579026593075766
Levi Colwill,Chelsea,7.1,1798,23,0.05,0.2,43.9,1.5,1.3,0.5,0.0,2.0,0.0,0.0,0.05005561735261402,0.15016685205784205
Lewis Cook,Bournemouth,7.1,2792,33,0.0,0.1,35.2,1.3,2.1,0.4,0.0,5.0,1.0,0.0,0.09670487106017192,0.09670487106017192
Noni Madueke,Chelsea,7.1,1053,23,0.43,1.1,34.4,0.9,0.3,0.0,0.0,2.0,0.0,0.0,0.17094017094017094,0.17094017094017094
Gabriel Martinelli,Arsenal,7.09,2029,35,0.27,1.0,30.4,1.1,0.2,0.0,0.0,1.0,0.0,0.0,0.17742730409068508,0.3104977821586989
Alejandro Garnacho,Manchester United,7.09,2573,36,0.24,1.0,23.2,0.5,0.6,0.1,0.0,4.0,0.0,0.0,0.13991449669646328,0.2098717450446949
Destiny Udogie,Tottenham Hotspur,7.09,2398,28,0.08,0.2,39.9,1.2,1.4,0.3,0.0,5.0,1.0,0.0,0.11259382819015847,0.11259382819015847
Mateo Kovacic,Manchester City,7.09,1548,30,0.06,0.3,83.3,1.5,0.6,0.1,0.0,4.0,0.0,0.0,0.0,0.1744186046511628
Simon Adingra,Brighton and Hove Albion,7.09,2230,31,0.24,0.9,24.5,0.8,0.8,0.0,0.0,3.0,0.0,0.0,0.04035874439461883,0.242152466367713
Pape Sarr,Tottenham Hotspur,7.08,2085,34,0.13,0.6,50.3,1.0,1.3,0.2,0.0,9.0,0.0,0.0,0.12949640287769784,0.08633093525179857
Brennan Johnson,Tottenham Hotspur,7.08,2330,35,0.19,0.8,20.7,0.6,0.4,0.1,0.0,3.0,0.0,0.0,0.38626609442060084,0.46351931330472107
Marcus Tavernier,Bournemouth,7.08,2129,30,0.13,0.7,25.5,1.4,0.2,0.1,0.0,3.0,0.0,0.0,0.1690934711131987,0.2959135744480977
Vitaly Janelt,Brentford,7.08,3069,38,0.03,0.2,30.6,1.1,1.1,0.3,0.0,8.0,0.0,0.0,0.08797653958944282,0.1466275659824047
Ryan Christie,Bournemouth,7.08,2918,37,0.0,0.4,29.8,1.4,1.6,0.3,0.0,6.0,0.0,1.0,0.15421521590130227,0.30843043180260454
Yoane Wissa,Brentford,7.07,2508,34,0.43,0.9,11.6,0.6,0.3,0.1,0.0,7.0,0.0,0.0,0.10765550239234449,0.2511961722488038
Tyrick Mitchell,Crystal Palace,7.07,3208,37,0.06,0.1,25.1,1.7,0.7,0.3,0.0,6.0,0.0,0.0,0.08416458852867831,0.14027431421446385
Willy Boly,Nottingham Forest,7.07,1443,20,0.12,0.4,29.4,1.8,1.6,1.3,0.0,1.0,1.0,0.0,0.062370062370062374,0.2494802494802495
Vitalii Mykolenko,Everton,7.06,2471,28,0.07,0.2,24.1,1.4,1.3,0.4,0.0,1.0,0.0,0.0,0.0,0.07284500202347229
Alex Iwobi,Fulham,7.06,2342,32,0.19,0.8,31.7,0.7,0.6,0.0,0.0,2.0,0.0,0.0,0.07685738684884715,0.19214346712211783
Yves Bissouma,Tottenham Hotspur,7.06,2081,28,0.0,0.2,72.9,2.2,1.6,0.2,0.0,9.0,2.0,0.0,0.0,0.0
Boubacar Kamara,Aston Villa,7.06,1659,20,0.0,0.1,49.6,1.6,1.1,0.4,0.0,7.0,1.0,0.0,0.054249547920433995,0.054249547920433995
Joao Pedro,Brighton and Hove Albion,7.06,2043,31,0.4,1.1,28.2,0.6,0.5,0.1,0.0,2.0,0.0,0.0,0.13215859030837004,0.39647577092511016
Dominic Solanke,Bournemouth,7.05,3331,38,0.51,1.0,10.6,0.3,0.2,0.1,0.0,3.0,0.0,0.0,0.08105673971780246,0.08105673971780246
Harvey Elliott,Liverpool,7.05,1336,34,0.2,1.1,53.4,1.1,0.4,0.0,0.0,2.0,0.0,0.0,0.40419161676646703,0.33682634730538924
Jan Paul van Hecke,Brighton and Hove Albion,7.05,2368,28,0.0,0.2,84.3,1.0,1.1,1.0,0.0,4.0,0.0,1.0,0.0,0.0
Moisés Caicedo,Chelsea,7.05,2872,35,0.03,0.1,59.7,1.4,1.2,0.8,0.0,11.0,0.0,1.0,0.09401114206128135,0.12534818941504178
Callum Hudson-Odoi,Nottingham Forest,7.04,1854,29,0.39,1.0,26.8,0.4,0.3,0.0,0.0,0.0,0.0,0.0,0.04854368932038834,0.19417475728155337
Amadou Onana,Everton,7.04,2090,30,0.09,0.3,37.4,1.6,0.9,0.3,0.0,5.0,0.0,1.0,0.0,0.1722488038277512
Aaron Wan-Bissaka,Manchester United,7.03,1781,22,0.0,0.1,34.9,1.3,2.1,0.8,0.0,4.0,0.0,1.0,0.10106681639528356,0.05053340819764178
Cody Gakpo,Liverpool,7.03,1644,35,0.44,1.3,23.2,0.9,0.8,0.2,0.0,1.0,0.0,0.0,0.2737226277372263,0.2737226277372263
Joachim Andersen,Crystal Palace,7.03,3416,38,0.05,0.2,45.1,0.9,1.1,0.5,0.0,7.0,0.0,0.0,0.07903981264637003,0.13173302107728338
Hee-Chan Hwang,Wolverhampton Wanderers,7.02,2124,29,0.51,0.8,17.5,0.4,0.4,0.0,0.0,6.0,0.0,1.0,0.1271186440677966,0.1694915254237288
Gustavo Hamer,Sheffield United,7.01,2923,36,0.12,0.5,22.2,0.6,0.9,0.3,0.0,9.0,0.0,1.0,0.1847417037290455,0.30790283954840914
Thiago Silva,Chelsea,7.01,2527,31,0.11,0.1,77.0,0.5,0.9,0.9,0.0,4.0,0.0,0.0,0.03561535417491096,0.10684606252473289
Abdoulaye Doucouré,Everton,7.01,2637,32,0.24,0.8,23.2,0.9,0.5,0.1,0.0,7.0,0.0,1.0,0.06825938566552901,0.13651877133105803
Leandro Trossard,Arsenal,7.01,1646,34,0.66,1.2,26.1,0.9,0.4,0.1,0.0,2.0,0.0,0.0,0.05467800729040097,0.16403402187120292
Jordan Ayew,Crystal Palace,7.0,2549,35,0.14,0.7,23.1,1.3,0.6,0.1,0.0,7.0,1.0,0.0,0.2471557473519027,0.2471557473519027
Gabriel Jesus,Arsenal,7.0,1482,27,0.24,1.2,24.1,1.0,0.8,0.1,0.0,6.0,0.0,0.0,0.3036437246963563,0.3643724696356275
Joao Gomes,Wolverhampton Wanderers,6.99,2658,34,0.07,0.3,34.9,2.5,0.6,0.3,0.0,11.0,0.0,2.0,0.03386004514672686,0.06772009029345372
Enzo Fernández,Chelsea,6.99,2214,28,0.12,0.7,63.4,0.9,0.7,0.5,0.0,7.0,0.0,1.0,0.08130081300813008,0.2032520325203252
Willian,Fulham,6.99,2054,31,0.18,0.8,39.7,0.5,0.4,0.0,0.0,1.0,0.0,0.0,0.08763388510223953,0.2629016553067186
Richarlison,Tottenham Hotspur,6.99,1492,28,0.66,1.5,16.0,0.7,0.5,0.4,0.0,3.0,0.0,0.0,0.24128686327077747,0.18096514745308312
Joelinton,Newcastle United,6.99,1282,20,0.14,0.6,36.3,1.9,1.3,0.5,0.0,6.0,0.0,0.0,0.07020280811232449,0.3510140405616225
Sean Longstaff,Newcastle United,6.98,2746,35,0.2,0.5,32.1,1.0,0.6,0.2,0.0,7.0,0.0,0.0,0.06554989075018208,0.1638747268754552
Youri Tielemans,Aston Villa,6.98,1620,32,0.11,0.3,43.3,1.1,0.8,0.2,0.0,3.0,0.0,0.0,0.33333333333333337,0.2777777777777778
Joseph Gomez,Liverpool,6.98,1779,32,0.0,0.1,50.1,1.6,1.0,0.2,0.0,5.0,0.0,0.0,0.050590219224283306,0.10118043844856661
Marcus Rashford,Manchester United,6.98,2278,33,0.28,0.8,21.4,0.5,0.2,0.0,0.0,2.0,0.0,0.0,0.07901668129938542,0.23705004389815626
Pablo Sarabia,Wolverhampton Wanderers,6.98,1748,30,0.21,0.9,32.9,0.7,0.5,0.1,0.0,5.0,0.0,0.0,0.36041189931350115,0.4633867276887872
Marc Cucurella,Chelsea,6.97,1784,21,0.0,0.2,46.2,1.9,1.1,0.7,0.0,10.0,0.0,1.0,0.10089686098654709,0.05044843049327354
Raheem Sterling,Chelsea,6.97,1981,31,0.36,1.0,23.7,0.5,0.6,0.0,0.0,7.0,0.0,0.0,0.18172640080767288,0.31802120141342755
Rayan Ait Nouri,Wolverhampton Wanderers,6.97,2344,33,0.08,0.3,34.5,1.7,0.6,0.2,0.0,7.0,0.0,1.0,0.03839590443686007,0.1151877133105802
Josh Brownhill,Burnley,6.97,2251,33,0.16,0.4,33.0,1.4,1.4,0.3,0.0,4.0,1.0,1.0,0.07996446023989337,0.0
Wataru Endo,Liverpool,6.96,1719,29,0.05,0.2,60.4,1.5,1.0,0.1,0.0,10.0,0.0,0.0,0.0,0.10471204188481675
Mathias Jensen,Brentford,6.95,2217,32,0.12,0.3,31.0,1.3,0.9,0.2,0.0,5.0,0.0,0.0,0.12178619756427606,0.3653585926928281
Kobbie Mainoo,Manchester United,6.95,1939,24,0.14,0.2,34.7,1.3,1.0,0.6,0.0,3.0,0.0,0.0,0.04641567818463126,0.0
Jean-Philippe Mateta,Crystal Palace,6.95,2283,35,0.63,1.1,12.0,0.6,0.2,0.2,0.0,3.0,0.0,0.0,0.19710906701708278,0.19710906701708278
Tomas Soucek,West Ham United,6.95,2874,37,0.22,0.5,22.5,1.1,1.2,0.9,0.0,7.0,0.0,1.0,0.06263048016701461,0.12526096033402923
Emerson,West Ham United,6.94,3142,36,0.03,0.1,34.1,1.9,1.2,0.4,0.0,10.0,0.0,1.0,0.057288351368555056,0.057288351368555056
Guglielmo Vicario,Tottenham Hotspur,6.94,3420,38,0.0,0.0,30.2,0.0,0.0,0.0,2.9,2.0,0.0,0.0,0.0,0.0
Mykhaylo Mudryk,Chelsea,6.94,1578,31,0.29,0.7,20.9,0.7,0.5,0.1,0.0,5.0,0.0,0.0,0.11406844106463877,0.34220532319391633
Alphonse Areola,West Ham United,6.94,2699,31,0.0,0.0,14.2,0.0,0.0,0.0,4.6,1.0,0.0,2.0,0.0,0.0
Jordan Pickford,Everton,6.94,3420,38,0.0,0.0,22.3,0.0,0.0,0.0,3.2,5.0,0.0,1.0,0.0,0.0
Nicolás Dominguez,Nottingham Forest,6.93,1503,26,0.12,0.4,42.4,2.0,1.1,0.3,0.0,4.0,0.0,0.0,0.11976047904191617,0.11976047904191617
Ederson Moraes,Manchester City,6.93,2788,33,0.0,0.0,30.4,0.0,0.0,0.0,1.8,5.0,0.0,1.0,0.0,0.0
Nélson Semedo,Wolverhampton Wanderers,6.93,3092,36,0.0,0.1,35.7,1.4,1.0,0.2,0.0,11.0,1.0,2.0,0.029107373868046574,0.05821474773609315
Ethan Pinnock,Brentford,6.93,2521,29,0.07,0.1,41.9,0.8,1.5,0.9,0.0,1.0,0.0,0.0,0.0,0.03570011900039667
Pau Torres,Aston Villa,6.93,2463,29,0.07,0.2,56.8,0.7,0.5,0.4,0.0,1.0,0.0,0.0,0.0,0.03654080389768575
Lewis Dunk,Brighton and Hove Albion,6.91,2872,33,0.09,0.4,93.1,0.4,1.0,1.2,0.0,7.0,1.0,1.0,0.031337047353760444,0.031337047353760444
Chris Wood,Nottingham Forest,6.91,1806,31,0.7,1.3,13.9,0.2,0.0,0.1,0.0,0.0,0.0,1.0,0.04983388704318937,0.14950166112956811
Ola Aina,Nottingham Forest,6.91,1700,22,0.05,0.1,26.8,1.6,1.0,0.2,0.0,3.0,0.0,1.0,0.05294117647058823,0.0
Daniel Burn,Newcastle United,6.9,2732,33,0.07,0.2,40.1,1.1,1.2,0.8,0.0,4.0,0.0,1.0,0.06588579795021962,0.09882869692532943
Emiliano Martinez,Aston Villa,6.9,3015,34,0.0,0.0,30.9,0.0,0.0,0.0,2.8,4.0,0.0,0.0,0.0,0.0
Max Kilman,Wolverhampton Wanderers,6.9,3420,38,0.05,0.2,51.9,0.6,1.0,1.0,0.0,7.0,0.0,1.0,0.0,0.10526315789473685
Toti Gomes,Wolverhampton Wanderers,6.9,2774,35,0.03,0.2,46.0,0.8,0.8,0.6,0.0,7.0,0.0,0.0,0.0973323720259553,0.06488824801730353
Andreas Pereira,Fulham,6.89,2637,37,0.1,0.5,28.6,0.4,0.1,0.1,0.0,6.0,0.0,0.0,0.23890784982935154,0.30716723549488056
Igor,Brighton and Hove Albion,6.89,1636,24,0.0,0.0,73.0,1.0,0.8,0.5,0.0,4.0,0.0,0.0,0.0,0.0550122249388753
Moussa Diaby,Aston Villa,6.89,2184,38,0.25,0.9,19.4,0.2,0.4,0.0,0.0,1.0,0.0,0.0,0.32967032967032966,0.5357142857142857
Anthony Elanga,Nottingham Forest,6.89,2434,36,0.18,0.9,17.9,0.7,0.3,0.1,0.0,1.0,0.0,0.0,0.33278553820870993,0.5176663927691044
David Raya,Arsenal,6.88,2880,32,0.0,0.0,20.0,0.0,0.0,0.0,1.4,2.0,0.0,0.0,0.0,0.0
Tom Cairney,Fulham,6.88,1475,34,0.06,0.5,68.4,1.0,0.8,0.2,0.0,3.0,0.0,0.0,0.2440677966101695,0.30508474576271183
Antoine Semenyo,Bournemouth,6.88,2111,33,0.34,1.3,18.6,0.7,0.3,0.1,0.0,6.0,0.0,0.0,0.08526764566556135,0.25580293699668405
Sander Berge,Burnley,6.88,3005,37,0.03,0.1,41.2,1.4,0.7,0.6,0.0,8.0,1.0,0.0,0.059900166389351084,0.1497504159733777
Scott McTominay,Manchester United,6.88,1891,32,0.33,0.9,24.9,1.2,0.7,0.6,0.0,2.0,0.0,1.0,0.047593865679534636,0.09518773135906927
Craig Dawson,Wolverhampton Wanderers,6.87,2211,25,0.04,0.2,44.9,0.8,0.7,1.6,0.0,7.0,0.0,0.0,0.0407055630936228,0.0814111261872456
Timothy Castagne,Fulham,6.86,2633,34,0.03,0.2,37.5,0.8,1.3,0.3,0.0,3.0,0.0,0.0,0.10254462590201291,0.034181541967337636
Andre Onana,Manchester United,6.86,3420,38,0.0,0.0,25.4,0.0,0.0,0.0,3.9,5.0,0.0,1.0,0.0,0.0
Wilson Odobert,Burnley,6.86,2107,29,0.13,0.6,18.5,0.6,0.3,0.1,0.0,3.0,0.0,0.0,0.0854295206454675,0.29900332225913623
Lucas Digne,Aston Villa,6.86,2410,33,0.04,0.1,30.8,0.7,1.0,0.1,0.0,7.0,0.0,0.0,0.11203319502074688,0.18672199170124482
Jonny Evans,Manchester United,6.85,1396,23,0.0,0.0,46.8,0.9,1.5,1.2,0.0,2.0,0.0,0.0,0.06446991404011461,0.06446991404011461
Neco Williams,Nottingham Forest,6.85,1634,26,0.0,0.2,23.8,2.2,1.2,0.7,0.0,4.0,0.0,0.0,0.055079559363525085,0.055079559363525085
Fabian Schär,Newcastle United,6.85,3054,36,0.12,0.3,51.7,0.7,1.1,1.1,0.0,5.0,0.0,0.0,0.029469548133595286,0.05893909626719057
Jack Harrison,Everton,6.85,2219,29,0.12,0.4,15.7,0.9,0.5,0.2,0.0,1.0,0.0,0.0,0.12167643082469581,0.20279405137449302
Ezri Konsa,Aston Villa,6.85,3073,35,0.03,0.1,52.7,0.9,0.8,0.6,0.0,5.0,0.0,1.0,0.0,0.029287341360234295
Miguel Almiron,Newcastle United,6.84,1945,33,0.14,0.6,30.4,1.1,0.5,0.1,0.0,2.0,0.0,0.0,0.04627249357326478,0.2776349614395887
Chris Richards,Crystal Palace,6.84,2091,26,0.04,0.1,33.1,1.2,1.2,0.5,0.0,3.0,0.0,1.0,0.043041606886657105,0.043041606886657105
Axel Disasi,Chelsea,6.84,2581,31,0.07,0.1,69.5,0.7,0.6,0.7,0.0,6.0,0.0,0.0,0.0,0.0
Rodrigo Muniz,Fulham,6.84,1597,26,0.51,1.5,7.7,0.2,0.3,0.2,0.0,1.0,0.0,0.0,0.056355666875391355,0.11271133375078271
Antony,Manchester United,6.84,1323,29,0.07,1.1,30.5,1.4,0.8,0.1,0.0,5.0,0.0,1.0,0.06802721088435375,0.47619047619047616
Rasmus Højlund,Manchester United,6.83,2169,30,0.41,0.9,12.5,0.3,0.0,0.0,0.0,2.0,0.0,1.0,0.08298755186721991,0.0
Takehiro Tomiyasu,Arsenal,6.83,1143,22,0.16,0.2,40.9,0.7,1.4,0.3,0.0,0.0,1.0,0.0,0.07874015748031496,0.0
Edson Álvarez,West Ham United,6.83,2383,31,0.04,0.1,38.9,1.5,1.6,0.8,0.0,11.0,0.0,1.0,0.03776751993285774,0.0
Danilo,Nottingham Forest,6.82,1796,29,0.1,0.4,29.3,0.9,1.8,0.4,0.0,4.0,0.0,1.0,0.10022271714922049,0.10022271714922049
Vinicius de Souza Costa,Sheffield United,6.82,2672,36,0.03,0.2,26.5,2.6,1.1,0.6,0.0,3.0,0.0,1.0,0.0,0.0
Ryan Gravenberch,Liverpool,6.81,1121,26,0.08,0.6,33.0,1.0,1.1,0.2,0.0,0.0,0.0,0.0,0.0,0.08028545941123996
Oliver Norwood,Sheffield United,6.81,1433,27,0.06,0.4,38.8,1.6,1.3,0.6,0.0,8.0,0.0,1.0,0.0,0.0628053035589672
Harry Wilson,Fulham,6.8,1614,35,0.22,0.7,25.7,0.8,0.6,0.2,0.0,6.0,0.0,0.0,0.33457249070631967,0.2788104089219331
Dominic Calvert-Lewin,Everton,6.8,2185,32,0.29,1.3,10.2,0.2,0.2,0.2,0.0,2.0,0.0,0.0,0.08237986270022883,0.16475972540045766
Marc Guehi,Crystal Palace,6.79,2022,25,0.0,0.0,50.4,0.8,0.8,0.8,0.0,2.0,0.0,0.0,0.044510385756676554,0.044510385756676554
Dango Ouattara,Bournemouth,6.79,1220,30,0.07,0.5,22.4,2.0,1.6,0.2,0.0,3.0,0.0,0.0,0.14754098360655737,0.07377049180327869
Oliver McBurnie,Sheffield United,6.79,1283,21,0.42,1.2,16.8,0.5,0.4,0.1,0.0,3.0,2.0,0.0,0.21044427123928294,0.21044427123928294
Calvin Bassey,Fulham,6.79,2301,29,0.04,0.1,56.2,1.1,1.1,0.4,0.0,4.0,1.0,1.0,0.0,0.0
Murillo,Nottingham Forest,6.78,2793,32,0.0,0.2,36.1,1.0,1.2,0.8,0.0,5.0,0.0,0.0,0.0644468313641246,0.0644468313641246
Will Hughes,Crystal Palace,6.78,1899,30,0.0,0.1,34.2,1.6,1.0,0.7,0.0,6.0,0.0,0.0,0.04739336492890995,0.0947867298578199
Danny Welbeck,Brighton and Hove Albion,6.77,1703,29,0.26,0.8,22.2,0.9,0.5,0.0,0.0,4.0,0.0,0.0,0.05284791544333529,0.15854374633000587
Carlton Morris,Luton Town,6.77,2867,38,0.35,1.0,15.1,0.3,0.0,0.2,0.0,4.0,0.0,0.0,0.12556679455877223,0.1569584931984653
Matty Cash,Aston Villa,6.77,2142,29,0.08,0.5,36.3,1.3,0.8,0.6,0.0,8.0,0.0,1.0,0.08403361344537816,0.25210084033613445
Raphaël Varane,Manchester United,6.76,1371,22,0.07,0.1,45.4,0.7,1.0,1.2,0.0,2.0,0.0,0.0,0.0,0.0
Billy Gilmour,Brighton and Hove Albion,6.75,2125,30,0.0,0.2,80.6,0.7,0.5,0.4,0.0,8.0,1.0,0.0,0.042352941176470586,0.12705882352941178
Odsonne Edouard,Crystal Palace,6.75,1552,30,0.41,1.1,14.3,0.7,0.3,0.1,0.0,4.0,0.0,0.0,0.0,0.05798969072164949
Issa Kaboré,Luton Town,6.74,1732,24,0.0,0.1,21.4,1.5,0.8,0.6,0.0,7.0,0.0,0.0,0.10392609699769052,0.25981524249422633
Djordje Petrovic,Chelsea,6.73,1986,23,0.0,0.0,24.5,0.0,0.0,0.0,3.4,2.0,0.0,0.0,0.0,0.0
Vladimir Coufal,West Ham United,6.73,3136,36,0.0,0.1,25.7,1.2,1.2,0.4,0.0,5.0,1.0,1.0,0.20089285714285712,0.1721938775510204
José Sá,Wolverhampton Wanderers,6.73,3038,35,0.0,0.0,15.8,0.0,0.0,0.0,4.0,1.0,0.0,0.0,0.029624753127057275,0.0
Joel Veltman,Brighton and Hove Albion,6.72,1582,27,0.06,0.2,39.1,2.3,1.0,0.4,0.0,4.0,0.0,0.0,0.056890012642225034,0.056890012642225034
Valentino Livramento,Newcastle United,6.72,1305,26,0.07,0.1,40.4,0.9,1.7,0.5,0.0,1.0,0.0,0.0,0.0,0.06896551724137931
Adam Smith,Bournemouth,6.71,2156,28,0.0,0.0,24.7,1.0,0.9,0.5,0.0,6.0,0.0,2.0,0.08348794063079777,0.08348794063079777
Frank Onyeka,Brentford,6.71,1155,26,0.08,0.7,22.7,1.9,1.8,0.5,0.0,8.0,0.0,0.0,0.15584415584415584,0.15584415584415584
Alisson Becker,Liverpool,6.7,2520,28,0.0,0.0,30.3,0.0,0.0,0.0,3.0,1.0,0.0,0.0,0.0,0.0
Jeffrey Schlupp,Crystal Palace,6.7,1355,29,0.13,0.7,16.3,1.6,0.5,0.1,0.0,1.0,0.0,0.0,0.13284132841328414,0.13284132841328414
Justin Kluivert,Bournemouth,6.7,1934,32,0.33,0.9,12.8,0.7,0.4,0.0,0.0,5.0,0.0,0.0,0.04653567735263703,0.04653567735263703
Reece Burke,Luton Town,6.7,1663,22,0.0,0.2,28.7,1.2,1.0,1.0,0.0,5.0,0.0,1.0,0.2164762477450391,0.16235718580877934
Kristoffer Vassbakk Ajer,Brentford,6.69,1833,28,0.1,0.2,26.9,1.0,1.2,0.5,0.0,5.0,0.0,0.0,0.049099836333878884,0.24549918166939444
Nathan Collins,Brentford,6.69,2649,32,0.03,0.1,40.6,0.7,1.5,1.0,0.0,3.0,0.0,0.0,0.03397508493771234,0.16987542468856173
Dara O'Shea,Burnley,6.68,2894,33,0.09,0.2,42.9,0.6,1.1,0.9,0.0,5.0,1.0,0.0,0.1243953006219765,0.09329647546648238
Jacob Bruun Larsen,Burnley,6.68,1248,32,0.43,1.2,25.3,0.3,0.5,0.1,0.0,1.0,0.0,0.0,0.0,0.07211538461538461
Edward Nketiah,Arsenal,6.67,1073,27,0.42,1.0,14.0,0.6,0.3,0.0,0.0,3.0,0.0,0.0,0.16775396085740912,0.16775396085740912
Raul Jiménez,Fulham,6.67,1402,24,0.45,1.1,16.7,0.8,0.3,0.2,0.0,3.0,1.0,0.0,0.0,0.19258202567760344
Neto,Bournemouth,6.67,2880,32,0.0,0.0,17.0,0.0,0.0,0.0,3.6,5.0,0.0,0.0,0.0,0.0
Ashley Young,Everton,6.67,2288,31,0.0,0.1,22.1,1.5,0.9,0.2,0.0,5.0,1.0,1.0,0.0,0.07867132867132867
Lloyd Kelly,Bournemouth,6.67,1556,23,0.0,0.1,34.6,1.1,0.8,0.7,0.0,2.0,0.0,1.0,0.05784061696658097,0.11568123393316194
Thomas Doyle,Wolverhampton Wanderers,6.67,1213,26,0.0,0.2,58.4,1.0,0.9,0.7,0.0,2.0,0.0,0.0,0.0,0.0741962077493817
Illia Zabarnyi,Bournemouth,6.67,3330,37,0.03,0.1,39.7,0.9,0.9,0.9,0.0,5.0,0.0,0.0,0.0,0.0
Johann Berg Gudmundsson,Burnley,6.67,1191,26,0.08,0.5,27.5,0.3,1.2,0.0,0.0,2.0,0.0,0.0,0.22670025188916876,0.3778337531486146
James Trafford,Burnley,6.66,2520,28,0.0,0.0,30.3,0.0,0.0,0.0,3.8,2.0,0.0,0.0,0.0,0.0
Christian Eriksen,Manchester United,6.65,1139,22,0.08,0.3,50.1,1.0,0.3,0.5,0.0,1.0,0.0,0.0,0.15803336259877085,0.23705004389815626
Alex Scott,Bournemouth,6.65,1010,23,0.09,0.4,31.2,1.3,1.1,0.4,0.0,3.0,0.0,0.0,0.0891089108910891,0.3564356435643564
Philip Billing,Bournemouth,6.65,1393,29,0.13,0.5,25.4,1.0,1.3,0.3,0.0,3.0,1.0,0.0,0.12921751615218952,0.45226130653266333
Ryan Yates,Nottingham Forest,6.64,1986,35,0.05,0.3,29.7,1.8,1.0,0.7,0.0,6.0,0.0,0.0,0.045317220543806644,0.09063444108761329
Orel Mangala,Nottingham Forest,6.64,1569,20,0.06,0.1,32.6,0.7,1.5,0.3,0.0,6.0,0.0,0.0,0.0,0.0
Harry Toffolo,Nottingham Forest,6.63,1455,23,0.06,0.3,21.0,0.9,0.9,0.8,0.0,3.0,0.0,0.0,0.18556701030927836,0.18556701030927836
Keane Lewis-Potter,Brentford,6.63,1441,30,0.19,1.4,17.3,0.4,0.4,0.1,0.0,0.0,0.0,0.0,0.062456627342123525,0.18736988202637056
Lyle Foster,Burnley,6.63,1906,24,0.24,0.8,14.5,0.5,0.1,0.1,0.0,0.0,1.0,0.0,0.1416579223504722,0.0472193074501574
James McAtee,Sheffield United,6.63,1828,31,0.15,0.4,17.3,1.0,0.5,0.0,0.0,2.0,0.0,0.0,0.14770240700218817,0.19693654266958424
Sasa Lukic,Fulham,6.62,1119,24,0.08,0.2,34.4,1.5,1.3,0.4,0.0,3.0,0.0,0.0,0.0,0.0
Pierre-Emile Højbjerg,Tottenham Hotspur,6.62,1293,36,0.0,0.4,85.3,1.3,1.3,0.5,0.0,4.0,0.0,0.0,0.0,0.2088167053364269
Bernd Leno,Fulham,6.62,3420,38,0.0,0.0,28.6,0.0,0.0,0.0,3.5,3.0,0.0,0.0,0.0,0.0
Rodrigo Bentancur,Tottenham Hotspur,6.62,1007,23,0.09,0.4,60.1,1.3,1.5,0.4,0.0,7.0,0.0,0.0,0.08937437934458788,0.0
Charlie Taylor,Burnley,6.62,2332,28,0.04,0.0,31.7,0.8,0.7,0.4,0.0,8.0,0.0,0.0,0.038593481989708404,0.15437392795883362
Facundo Buonanotte,Brighton and Hove Albion,6.62,1368,27,0.2,0.6,26.3,1.4,0.5,0.2,0.0,7.0,0.0,0.0,0.06578947368421052,0.19736842105263158
Michail Antonio,West Ham United,6.61,1710,26,0.32,0.7,9.1,0.4,0.2,0.2,0.0,6.0,0.0,0.0,0.10526315789473685,0.052631578947368425
Martin Dubravka,Newcastle United,6.61,1984,23,0.0,0.0,17.2,0.0,0.0,0.0,4.0,1.0,0.0,2.0,0.0,0.0
Matt Doherty,Wolverhampton Wanderers,6.61,1142,30,0.08,0.2,35.2,1.4,0.6,0.4,0.0,2.0,0.0,0.0,0.0,0.23642732049036777
Neal Maupay,Brentford,6.61,1424,31,0.38,1.3,18.5,0.4,0.1,0.0,0.0,8.0,0.0,0.0,0.1896067415730337,0.31601123595505615
Joel Ward,Crystal Palace,6.6,1982,26,0.0,0.0,27.6,1.3,0.6,0.5,0.0,4.0,0.0,0.0,0.045408678102926335,0.0
Harrison Reed,Fulham,6.6,1324,27,0.0,0.1,41.9,1.2,0.7,0.6,0.0,6.0,0.0,0.0,0.13595166163141995,0.13595166163141995
Curtis Jones,Liverpool,6.6,1167,23,0.08,0.5,52.9,1.1,0.5,0.0,0.0,3.0,1.0,0.0,0.07712082262210797,0.0
Bobby Reid,Fulham,6.6,1424,33,0.38,0.5,22.1,0.9,0.3,0.1,0.0,4.0,0.0,0.0,0.12640449438202248,0.1896067415730337
Zeki Amdouni,Burnley,6.6,1971,34,0.23,1.0,18.0,0.8,0.4,0.5,0.0,2.0,0.0,0.0,0.045662100456621,0.091324200913242
Elijah Adebayo,Luton Town,6.59,1418,27,0.63,0.9,9.1,0.1,0.4,0.1,0.0,1.0,0.0,0.0,0.0,0.0
Jayden Bogle,Sheffield United,6.59,2792,34,0.1,0.4,17.3,1.2,1.0,0.4,0.0,9.0,0.0,0.0,0.0,0.0
Jordan Clark,Luton Town,6.58,1306,23,0.07,0.3,24.7,1.2,0.8,0.2,0.0,4.0,0.0,0.0,0.06891271056661562,0.20673813169984687
Amari'i Bell,Luton Town,6.58,1722,21,0.0,0.1,32.8,1.7,1.3,0.8,0.0,0.0,0.0,0.0,0.0,0.0
Mads Roerslev,Brentford,6.58,1987,34,0.05,0.0,18.9,1.4,0.9,0.1,0.0,1.0,0.0,0.0,0.09058882737795672,0.13588324106693508
Tahith Chong,Luton Town,6.57,1986,33,0.18,0.3,18.5,1.0,0.4,0.3,0.0,4.0,0.0,0.0,0.0,0.0
Moussa Niakhaté,Nottingham Forest,6.57,1457,21,0.06,0.1,36.3,1.5,0.9,0.7,0.0,3.0,1.0,0.0,0.0,0.0
Mark Flekken,Brentford,6.56,3285,37,0.0,0.0,27.5,0.0,0.0,0.0,3.2,3.0,0.0,1.0,0.027397260273972605,0.05479452054794521
Nayef Aguerd,West Ham United,6.56,1859,21,0.05,0.2,45.4,0.7,0.8,1.2,0.0,1.0,1.0,1.0,0.0,0.0
Sam Johnstone,Crystal Palace,6.56,1797,20,0.0,0.0,14.1,0.0,0.1,0.0,2.1,1.0,0.0,1.0,0.0,0.0
Carlos Baleba,Brighton and Hove Albion,6.56,1321,27,0.0,0.3,48.6,1.4,1.2,0.5,0.0,7.0,0.0,0.0,0.0,0.06813020439061317
Andros Townsend,Luton Town,6.55,1209,27,0.07,0.5,20.8,1.0,0.4,0.0,0.0,1.0,0.0,0.0,0.22332506203473945,0.1488833746898263
Milos Kerkez,Bournemouth,6.54,1975,28,0.0,0.2,22.1,1.2,0.9,0.5,0.0,4.0,1.0,0.0,0.04556962025316456,0.13670886075949368
Teden Mengi,Luton Town,6.54,2470,30,0.04,0.1,26.5,0.8,2.1,1.0,0.0,3.0,0.0,1.0,0.0,0.0
Kurt Zouma,West Ham United,6.54,2838,33,0.1,0.2,30.4,0.5,0.9,0.9,0.0,3.0,0.0,1.0,0.0,0.0
Bart Verbruggen,Brighton and Hove Albion,6.54,1890,21,0.0,0.0,30.3,0.0,0.0,0.0,3.1,3.0,0.0,0.0,0.0,0.0
Evan Ferguson,Brighton and Hove Albion,6.52,1365,27,0.4,1.3,16.1,0.4,0.1,0.2,0.0,1.0,0.0,0.0,0.0,0.06593406593406594
Gabriel Osho,Luton Town,6.5,1848,21,0.1,0.1,28.2,1.1,1.5,1.0,0.0,3.0,0.0,0.0,0.0,0.0
Cameron Archer,Sheffield United,6.49,1839,30,0.2,0.5,13.2,0.6,0.0,0.1,0.0,2.0,0.0,0.0,0.04893964110929853,0.2936378466557912
Jacob Brown,Luton Town,6.49,1020,19,0.18,0.6,11.4,1.1,0.7,0.1,0.0,4.0,0.0,0.0,0.0,0.08823529411764705
Jean-Ricner Bellegarde,Wolverhampton Wanderers,6.48,958,22,0.19,0.5,22.3,0.9,0.8,0.2,0.0,0.0,1.0,0.0,0.0939457202505219,0.0939457202505219
Thomas Kaminski,Luton Town,6.47,3406,38,0.0,0.0,19.1,0.0,0.0,0.0,3.8,3.0,0.0,0.0,0.0,0.0
Diego Carlos,Aston Villa,6.45,1811,27,0.0,0.0,58.8,0.8,0.6,0.9,0.0,4.0,0.0,0.0,0.0,0.0
Vitinho,Burnley,6.44,2316,32,0.0,0.2,22.7,1.3,0.5,0.2,0.0,1.0,0.0,2.0,0.07772020725388601,0.038860103626943004
Wesley Foderingham,Sheffield United,6.44,2648,30,0.0,0.0,16.9,0.1,0.0,0.0,4.5,2.0,0.0,0.0,0.0,0.0
Ben Osborn,Sheffield United,6.43,1359,24,0.0,0.0,26.0,0.6,0.5,0.1,0.0,3.0,0.0,0.0,0.13245033112582782,0.06622516556291391
Jack Robinson,Sheffield United,6.38,2885,34,0.03,0.2,25.6,0.9,1.0,1.0,0.0,10.0,0.0,0.0,0.03119584055459272,0.03119584055459272
Beto,Everton,6.35,939,30,0.29,1.2,10.3,0.6,0.1,0.0,0.0,2.0,0.0,0.0,0.0,0.2875399361022364
Andre Brooks,Sheffield United,6.33,942,20,0.0,0.2,18.2,1.2,1.3,0.1,0.0,1.0,0.0,0.0,0.0,0.0
Auston Trusty,Sheffield United,6.25,2572,32,0.0,0.1,23.4,1.0,1.2,0.8,0.0,4.0,0.0,1.0,0.0,0.10497667185069985
Pelly-Ruddock Mpanzu,Luton Town,6.21,1093,27,0.0,0.1,21.2,0.4,0.7,0.6,0.0,1.0,0.0,0.0,0.0,0.08234217749313816
Anel Ahmedhodzic,Sheffield United,6.19,2649,31,0.07,0.2,24.5,1.2,1.2,0.9,0.0,9.0,1.0,0.0,0.0,0.03397508493771234
