Player,Category,total_score,seasons_played,avg_score,team
Mohamed Salah,FW,0.2211227207052777,8,0.02764034008815971,Liverpool
Harry Kane,FW,0.20539630867446151,8,0.02567453858430769,Tottenham
Jamie Vardy,FW,0.1669417767783531,9,0.0185490863087059,Leicester
Raheem Sterling,FW,0.1475284657090458,10,0.014752846570904579,Arsenal
Roberto Firmino,FW,0.1447317550385069,8,0.018091469379813364,Liverpool
Sadio Mané,FW,0.1285249763592609,7,0.018360710908465843,Liverpool
Gabriel Jesus,FW,0.1276412489081504,9,0.01418236098979449,Arsenal
Sergio Agüero,FW,0.1221232940466078,6,0.0203538823411013,Manchester City
Romelu Lukaku,FW,0.1095783608259514,5,0.021915672165190282,Chelsea
Ollie Watkins,FW,0.1073431322854055,5,0.0214686264570811,Aston Villa
Raúl Jiménez,FW,0.1021913763694999,7,0.014598768052785701,Fulham
Callum Wilson,FW,0.0972774358864916,10,0.00972774358864916,Newcastle
Troy Deeney,FW,0.09496057057356619,6,0.01582676176226103,Watford
Eden Hazard,FW,0.0920559921106843,4,0.023013998027671075,Chelsea
Chris Wood,FW,0.0919435109678159,8,0.011492938870976988,Nottingham Forest
Leandro Trossard,FW,0.0885860339930406,6,0.014764338998840101,Arsenal
Marcus Rashford,FW,0.08707191038769051,10,0.00870719103876905,Aston Villa
Bukayo Saka,FW,0.086799523421353,5,0.0173599046842706,Arsenal
Wilfried Zaha,FW,0.0855629810319653,8,0.010695372628995663,Crystal Palace
Riyad Mahrez,FW,0.0841022723419349,8,0.010512784042741863,Manchester City
Diogo Jota,FW,0.0832978793558712,7,0.011899697050838742,Liverpool
Erling Haaland,FW,0.0829250138691722,3,0.027641671289724067,Manchester City
Willian,FW,0.0824068231685679,8,0.010300852896070987,Fulham
Anthony Martial,FW,0.08212324605184801,9,0.009124805116872001,Manchester United
Danny Ings,FW,0.0804086278519274,9,0.008934291983547489,West Ham
Joshua King,FW,0.078274553695656,7,0.01118207909937943,Watford
Danny Welbeck,FW,0.0772240420176476,10,0.00772240420176476,Brighton
Jordan Ayew,FW,0.076847641594014,10,0.0076847641594014,Leicester
Michail Antonio,FW,0.0754501953460644,10,0.00754501953460644,West Ham
Alexandre Lacazette,FW,0.0749982849675134,5,0.01499965699350268,Arsenal
Dominic Calvert-Lewin,FW,0.071438551156126,9,0.007937616795125111,Everton
Richarlison,FW,0.0710470897925483,8,0.008880886224068537,Tottenham
Salomón Rondón,FW,0.0681389963583764,6,0.011356499393062734,Everton
Olivier Giroud,FW,0.06700524984179321,6,0.011167541640298867,Chelsea
Dominic Solanke,FW,0.0646154945751328,6,0.010769249095855466,Tottenham
Christian Benteke,FW,0.0640150443838379,7,0.00914500634054827,Crystal Palace
Heung-min Son,FW,0.0636651000274059,4,0.015916275006851475,Tottenham
Gabriel Martinelli,FW,0.06360685063643749,5,0.0127213701272875,Arsenal
Kai Havertz,FW,0.0629624995864167,5,0.01259249991728334,Arsenal
Kelechi Iheanacho,FW,0.0628845950088116,8,0.00786057437610145,Leicester
Pierre-Emerick Aubameyang,FW,0.0627368659947367,6,0.010456144332456117,Chelsea
Adama Traoré,FW,0.0591695263761315,8,0.007396190797016438,Fulham
Phil Foden,FW,0.0579782344745194,7,0.008282604924931342,Manchester City
Diego Costa,FW,0.0573824454332081,3,0.019127481811069366,Wolves
Bryan Mbeumo,FW,0.0571215226061438,4,0.01428038065153595,Brentford
Neal Maupay,FW,0.056980232252579796,5,0.01139604645051596,Brentford
Heung-Min Son,FW,0.054127703047174305,7,0.007732529006739187,Tottenham
Bernardo Silva,FW,0.0531828087440962,7,0.007597544106299457,Manchester City
Pedro,FW,0.052747061872637196,5,0.01054941237452744,Chelsea
Jack Grealish,FW,0.052621187518672,7,0.0075173125026674285,Manchester City
Alexis Sánchez,FW,0.0523301045689442,4,0.01308252614223605,Manchester United
Anthony Gordon,FW,0.052133745542981405,6,0.0086889575904969,Newcastle
Leroy Sané,FW,0.0521074822268994,4,0.01302687055672485,Manchester City
Alexander Isak,FW,0.0519877509830876,3,0.017329250327695864,Newcastle
Shane Long,FW,0.051059990566963795,7,0.007294284366709113,Southampton
Che Adams,FW,0.0506879479152184,4,0.0126719869788046,Southampton
Aleksandar Mitrović,FW,0.0497555444279751,6,0.00829259073799585,Fulham
Mason Mount,FW,0.0489395556915781,5,0.009787911138315621,Manchester United
Ashley Barnes,FW,0.0488862923191856,6,0.008147715386530934,Burnley
Luis Díaz,FW,0.048375426905580804,4,0.012093856726395201,Liverpool
Jarrod Bowen,FW,0.0473409840920183,7,0.006762997727431185,West Ham
Jean-Philippe Mateta,FW,0.0472742813262293,5,0.009454856265245861,Crystal Palace
Pedro Neto,FW,0.0468884216238614,6,0.007814736937310234,Chelsea
Ivan Toney,FW,0.0435878499577911,4,0.010896962489447775,Brentford
Ayoze Pérez,FW,0.0434974867670639,7,0.006213926681009128,Leicester
Jay Rodriguez,FW,0.042717774485753895,7,0.006102539212250556,Burnley
Eberechi Eze,FW,0.0425560783369242,4,0.01063901958423105,Crystal Palace
Yoane Wissa,FW,0.0408963230339993,4,0.010224080758499825,Brentford
Andros Townsend,FW,0.0407090491559593,6,0.006784841525993217,Luton
Nathan Redmond,FW,0.0403546721945274,7,0.005764953170646772,Southampton
Pascal Groß,FW,0.039845781676674005,7,0.005692254525239144,Brighton
Nicolas Jackson,FW,0.0381625022625114,2,0.0190812511312557,Chelsea
Darwin Núñez,FW,0.0377606949047906,3,0.012586898301596866,Liverpool
Jermain Defoe,FW,0.0377010524703291,4,0.009425263117582275,Bournemouth
Miguel Almirón,FW,0.0373899164927791,7,0.005341416641825586,Newcastle
Matheus Cunha,FW,0.036702164978461696,3,0.012234054992820565,Wolves
Philippe Coutinho,FW,0.0358659366507488,5,0.007173187330149761,Aston Villa
Callum Hudson-Odoi,FW,0.035186490446443,6,0.005864415074407167,Nottingham Forest
Andy Carroll,FW,0.0342927281568795,6,0.0057154546928132495,Newcastle
Divock Origi,FW,0.0338239518542225,8,0.004227993981777813,Nottingham Forest
Timo Werner,FW,0.0334528028274522,4,0.00836320070686305,Tottenham
Patrick Bamford,FW,0.0333758212901241,5,0.006675164258024819,Leeds
Odion Ighalo,FW,0.032579195590033,4,0.00814479889750825,Manchester United
Glenn Murray,FW,0.0323065103517799,4,0.008076627587944975,Brighton
Wayne Rooney,FW,0.0322002805311018,3,0.0107334268437006,Everton
Dele Alli,FW,0.0320683035174355,6,0.005344717252905916,Tottenham
Allan Saint-Maximin,FW,0.0319838281216088,4,0.0079959570304022,Newcastle
Marko Arnautović,FW,0.0318020549618721,4,0.007950513740468025,West Ham
Harvey Barnes,FW,0.0317362554511685,8,0.003967031931396063,Newcastle
Jacob Murphy,FW,0.0316795041043083,5,0.00633590082086166,Newcastle
Edward Nketiah,FW,0.0316757468841113,8,0.003959468360513913,Crystal Palace
Dimitri Payet,FW,0.0313058961117256,2,0.0156529480558628,West Ham
Zlatan Ibrahimović,FW,0.0309492865616506,2,0.0154746432808253,Manchester United
Joelinton,FW,0.030674897159328203,6,0.005112482859888034,Newcastle
Brennan Johnson,FW,0.0306650963573791,3,0.010221698785793034,Tottenham
Dejan Kulusevski,FW,0.030463379776402302,4,0.007615844944100576,Tottenham
Andre Gray,FW,0.0303383962974345,4,0.007584599074358625,Watford
Gylfi Sigurðsson,FW,0.0300665718977031,5,0.00601331437954062,Everton
Gerard Deulofeu,FW,0.029186537818346,5,0.0058373075636692,Watford
Teemu Pukki,FW,0.0286015060637588,2,0.0143007530318794,Norwich
Tammy Abraham,FW,0.0282136894558062,4,0.00705342236395155,Chelsea
Theo Walcott,FW,0.026715495852842802,8,0.0033394369816053503,Southampton
Lucas Moura,FW,0.0265629356270737,5,0.00531258712541474,Tottenham
João Pedro,FW,0.026471979065874,4,0.0066179947664685,Brighton
Morgan Gibbs-White,FW,0.0262040434038046,5,0.00524080868076092,Nottingham Forest
Dwight Gayle,FW,0.0261322134041324,5,0.00522644268082648,Newcastle
Demarai Gray,FW,0.0259799330060973,6,0.00432998883434955,Everton
Alex Iwobi,FW,0.025675164819542,8,0.00320939560244275,Fulham
James Maddison,FW,0.0251354116227447,6,0.00418923527045745,Tottenham
Cody Gakpo,FW,0.0251061711134657,3,0.008368723704488566,Liverpool
Michael Olise,FW,0.0250756937071704,3,0.0083585645690568,Crystal Palace
Xherdan Shaqiri,FW,0.0250211412099314,6,0.004170190201655233,Liverpool
Ryan Fraser,FW,0.0248847585220635,7,0.0035549655031519287,Newcastle
Christian Pulišić,FW,0.0248453336199124,4,0.0062113334049781,Chelsea
Ismaïla Sarr,FW,0.0244704727216925,2,0.01223523636084625,Crystal Palace
Daniel Podence,FW,0.024266093186713703,4,0.006066523296678426,Wolves
Manuel Lanzini,FW,0.0241146217299941,6,0.004019103621665683,West Ham
Mesut Özil,FW,0.0240755438444941,4,0.006018885961123525,Arsenal
Peter Crouch,FW,0.0240434925867808,4,0.0060108731466952,Burnley
Odsonne Édouard,FW,0.0238403863595858,4,0.00596009658989645,Leicester
Hee-Chan Hwang,FW,0.0234463141755517,4,0.005861578543887925,Wolves
Oliver McBurnie,FW,0.0234439781777158,5,0.004688795635543161,Sheffield Utd
Graziano Pellè,FW,0.0231612132136463,1,0.0231612132136463,Southampton
Hakim Ziyech,FW,0.0231585147192154,3,0.0077195049064051335,Chelsea
Shinji Okazaki,FW,0.0228833277320454,4,0.00572083193301135,Leicester
Charlie Austin,FW,0.0227906308987917,5,0.00455812617975834,West Brom
Fernando Llorente,FW,0.021641392386967398,3,0.007213797462322466,Tottenham
David McGoldrick,FW,0.0215954306680038,2,0.0107977153340019,Sheffield Utd
Daniel Sturridge,FW,0.0215574467620786,4,0.00538936169051965,Liverpool
André Ayew,FW,0.021387776562764402,4,0.0053469441406911004,Nottingham Forest
Rasmus Højlund,FW,0.0212507994051701,2,0.01062539970258505,Manchester United
Benik Afobe,FW,0.021221299307608403,3,0.007073766435869468,Bournemouth
Rodrigo Muniz,FW,0.0211733136044192,2,0.0105866568022096,Fulham
Bruno Fernandes,FW,0.0208847241698518,4,0.00522118104246295,Manchester United
Taiwo Awoniyi,FW,0.0208012053484535,3,0.006933735116151166,Nottingham Forest
Steve Mounié,FW,0.020461000431171,2,0.0102305002155855,Huddersfield
Jonathan Walters,FW,0.0204415918570969,3,0.006813863952365633,Burnley
Álvaro Morata,FW,0.020302979271362702,2,0.010151489635681351,Chelsea
Joselu,FW,0.0196256176677501,3,0.0065418725559167,Newcastle
Wilfried Bony,FW,0.0195365699414168,3,0.006512189980472267,Swansea
Ademola Lookman,FW,0.0195102898005268,5,0.0039020579601053602,Leicester
Jesse Lingard,FW,0.0192833700640989,6,0.00321389501068315,Nottingham Forest
Cenk Tosun,FW,0.0191975102050154,5,0.00383950204100308,Everton
Rodrigo,FW,0.0191087882956878,3,0.0063695960985626,Leeds
Evanilson,FW,0.0190949020385649,1,0.0190949020385649,Bournemouth
Sam Vokes,FW,0.0187198864133204,3,0.006239962137773467,Burnley
Matěj Vydra,FW,0.0187088920894283,5,0.00374177841788566,Burnley
Alejandro Garnacho,FW,0.0186366387351038,3,0.006212212911701267,Manchester United
Julián Álvarez,FW,0.018589316783972402,2,0.009294658391986201,Manchester City
Cristiano Ronaldo,FW,0.018488227475447302,2,0.009244113737723651,Manchester United
Pablo Sarabia,FW,0.0182965522306307,3,0.006098850743543566,Wolves
Christian Eriksen,FW,0.0178631958018079,6,0.0029771993003013166,Manchester United
Dieumerci Mbokani,FW,0.0178596819354921,2,0.00892984096774605,Hull City
Oumar Niasse,FW,0.017429092330435998,5,0.0034858184660871996,Everton
Patson Daka,FW,0.0173731218322316,3,0.005791040610743867,Leicester
Javier Hernández,FW,0.0172910747522549,4,0.004322768688063725,West Ham
Evan Ferguson,FW,0.017268502749168198,4,0.0043171256872920494,West Ham
Mame Biram Diouf,FW,0.0170082592052617,3,0.0056694197350872335,Stoke City
Armando Broja,FW,0.0168853193929517,5,0.00337706387859034,Everton
Jørgen Strand Larsen,FW,0.0167091021039578,1,0.0167091021039578,Wolves
Sébastien Haller,FW,0.0166497266201628,2,0.0083248633100814,West Ham
Ivan Cavaleiro,FW,0.016590477688526402,2,0.008295238844263201,Fulham
Beto,FW,0.0160566169727799,2,0.00802830848638995,Everton
Edinson Cavani,FW,0.0158595514342787,2,0.00792977571713935,Manchester United
Liam Delap,FW,0.01579452204977,3,0.005264840683256666,Ipswich
Saïd Benrahma,FW,0.0156408085845272,4,0.0039102021461318,West Ham
Cameron Archer,FW,0.015591593360224398,4,0.0038978983400560995,Southampton
Jadon Sancho,FW,0.0155004760965566,4,0.00387511902413915,Chelsea
Leonardo Ulloa,FW,0.0153573849269901,3,0.0051191283089966995,Brighton
Diafra Sakho,FW,0.015199850863738701,3,0.005066616954579567,West Ham
Michy Batshuayi,FW,0.0150960295086557,5,0.00301920590173114,Crystal Palace
Saido Berahino,FW,0.0148464179365983,3,0.0049488059788661,Stoke City
Lys Mousset,FW,0.0146986680240159,5,0.00293973360480318,Sheffield Utd
Anthony Elanga,FW,0.0146212077309607,4,0.003655301932740175,Nottingham Forest
Daniel James,FW,0.0146038617998716,3,0.004867953933290534,Fulham
Islam Slimani,FW,0.014522645857466699,3,0.004840881952488899,Leicester
Dango Ouattara,FW,0.0142553694629476,3,0.004751789820982534,Bournemouth
Kevin Mirallas,FW,0.0140618433545833,3,0.004687281118194433,Everton
Yannick Bolasie,FW,0.0138596109931747,3,0.004619870331058234,Everton
James Rodríguez,FW,0.0136398363145925,1,0.0136398363145925,Everton
Adam Armstrong,FW,0.0136365839247915,3,0.0045455279749305,Southampton
Carlton Morris,FW,0.0136246991164199,1,0.0136246991164199,Luton
Mason Greenwood,FW,0.0135370583515649,4,0.003384264587891225,Manchester United
Moussa Diaby,FW,0.0134521895927424,1,0.0134521895927424,Aston Villa
Ross Barkley,FW,0.0133117824685234,4,0.00332794561713085,Chelsea
Amad Diallo,FW,0.0132245015509129,3,0.004408167183637633,Manchester United
Fábio Silva,FW,0.0132042732100184,3,0.004401424403339466,Wolves
Adam Lallana,FW,0.0131175840531082,7,0.001873940579015457,Brighton
Kevin De Bruyne,FW,0.0129974276343029,4,0.003249356908575725,Manchester City
Henrikh Mkhitaryan,FW,0.0129965463011076,3,0.0043321821003692,Arsenal
Bafetimbi Gomis,FW,0.0129835608819152,1,0.0129835608819152,Swansea
Emmanuel Dennis,FW,0.012975125008236601,2,0.006487562504118301,Nottingham Forest
Carlos Vinícius,FW,0.0128914060670908,4,0.0032228515167727,Fulham
Laurent Depoitre,FW,0.012715865896122,2,0.006357932948061,Huddersfield
Connor Wickham,FW,0.012702087271947701,4,0.0031755218179869253,Crystal Palace
Jeff Hendrick,FW,0.012689122468540301,4,0.0031722806171350752,Burnley
Álvaro Negredo,FW,0.0126324453373003,1,0.0126324453373003,Middlesbrough
Bojan Krkić,FW,0.0125759798374053,3,0.0041919932791351,Stoke City
Manolo Gabbiadini,FW,0.0125477543429766,3,0.0041825847809922,Southampton
Emiliano Buendía,FW,0.0125063962525668,2,0.0062531981262834,Aston Villa
Jack Harrison,FW,0.0125017661680745,5,0.0025003532336149,Everton
Rudy Gestede,FW,0.012478609346266399,2,0.0062393046731331996,Middlesbrough
Wayne Routledge,FW,0.0122557491353984,3,0.004085249711799467,Swansea
Wout Weghorst,FW,0.012238154471672799,2,0.0061190772358363996,Manchester United
Dušan Tadić,FW,0.0122301890965251,3,0.0040767296988417,Southampton
Hal Robson-Kanu,FW,0.0120355753802463,3,0.0040118584600821,West Brom
Juan Mata,FW,0.0120175302153892,4,0.0030043825538473,Manchester United
Abdoulaye Doucouré,FW,0.011442069786835,2,0.0057210348934175,Everton
Dwight McNeil,FW,0.0113151076417874,7,0.0016164439488267715,Everton
Leon Bailey,FW,0.0113032171560886,3,0.003767739052029533,Aston Villa
Alex Oxlade-Chamberlain,FW,0.0112863883312351,5,0.00225727766624702,Liverpool
James Ward-Prowse,FW,0.0112522484862899,4,0.002813062121572475,Southampton
Anwar El Ghazi,FW,0.0109863844403372,3,0.003662128146779067,Aston Villa
Andriy Yarmolenko,FW,0.010979104865675701,4,0.0027447762164189253,West Ham
Reiss Nelson,FW,0.010947033778476601,6,0.0018245056297461002,Fulham
Jhon Durán,FW,0.0104156015960394,3,0.0034718671986798,Aston Villa
Érik Lamela,FW,0.0103986995747382,5,0.00207973991494764,Tottenham
Michael Obafemi,FW,0.0100846985691886,5,0.00201693971383772,Burnley
Alexis Mac Allister,FW,0.0100444587461698,3,0.0033481529153899336,Brighton
Billy Sharp,FW,0.0098430324826058,2,0.0049215162413029,Sheffield Utd
Hélder Costa,FW,0.009825018659576799,3,0.003275006219858933,Leeds
Steven Bergwijn,FW,0.0097399874960812,3,0.0032466624986937334,Tottenham
Wilson Odobert,FW,0.0096094523902682,2,0.0048047261951341,Tottenham
Solly March,FW,0.009600037573064,5,0.0019200075146128,Brighton
Trezeguet,FW,0.0093981009250216,2,0.0046990504625108,Aston Villa
Kieffer Moore,FW,0.0093051594232604,2,0.0046525797116302,Bournemouth
Enner Valencia,FW,0.0092359968475018,2,0.0046179984237509,Everton
Stefano Okaka,FW,0.0091415674455319,3,0.003047189148510633,Watford
Robert Snodgrass,FW,0.009063029988805,2,0.0045315149944025,West Ham
Raphinha,FW,0.0090533725743748,2,0.0045266862871874,Leeds
Ferrán Torres,FW,0.0090257493649298,1,0.0090257493649298,Manchester City
Cole Palmer,FW,0.0090058722019724,3,0.003001957400657467,Chelsea
Jérémy Doku,FW,0.0089730188533008,2,0.0044865094266504,Manchester City
Georginio Rutter,FW,0.008943699765065,2,0.0044718498825325,Brighton
Nicolas Pépé,FW,0.008835300806154502,3,0.002945100268718167,Arsenal
Mohammed Kudus,FW,0.008693794155135201,2,0.0043468970775676005,West Ham
Isaac Success,FW,0.0086708973673922,3,0.002890299122464067,Watford
Nikica Jelavić,FW,0.0086044772090219,1,0.0086044772090219,West Ham
Bernard,FW,0.008588995577934199,3,0.0028629985259780665,Everton
Jordon Ibe,FW,0.0085517560113593,4,0.002137939002839825,Bournemouth
Gonçalo Guedes,FW,0.0085457302999597,2,0.00427286514997985,Wolves
Aaron Lennon,FW,0.0084774861805433,4,0.002119371545135825,Burnley
Papiss Demba Cissé,FW,0.0084539051618013,1,0.0084539051618013,Newcastle
Wesley Hoolahan,FW,0.0083462301460384,1,0.0083462301460384,Norwich
Bobby Decordova-Reid,FW,0.0083307010614125,3,0.0027769003538041666,Leicester
Modou Barrow,FW,0.0083268810545895,2,0.00416344052729475,Swansea
Gonzalo Higuaín,FW,0.0082053055918213,1,0.0082053055918213,Chelsea
Lyle Foster,FW,0.0081645908689814,1,0.0081645908689814,Burnley
Bertrand Traoré,FW,0.0080494239076104,4,0.0020123559769026,Aston Villa
Roberto Pereyra,FW,0.0080309897174174,3,0.0026769965724724666,Watford
Noni Madueke,FW,0.008000975684867899,3,0.002666991894955966,Chelsea
Duncan Watmore,FW,0.0079782566625697,2,0.00398912833128485,Sunderland
Vincent Janssen,FW,0.0079461838381193,3,0.002648727946039767,Tottenham
Zeki Amdouni,FW,0.0079251462529205,1,0.0079251462529205,Burnley
Elijah Adebayo,FW,0.0078716707085427,1,0.0078716707085427,Luton
Fabio Borini,FW,0.0078401417727177,2,0.00392007088635885,Sunderland
Aaron Connolly,FW,0.0077011190446831,3,0.0025670396815610334,Brighton
Jeffrey Schlupp,FW,0.0075990609900214,6,0.0012665101650035668,Crystal Palace
David Datro Fofana,FW,0.007581136415930299,2,0.0037905682079651497,Burnley
Marc Albrighton,FW,0.0074122234315283,3,0.0024707411438427665,Leicester
Matheus Pereira,FW,0.007359067860214,1,0.007359067860214,West Brom
Callum Robinson,FW,0.007235116168978199,2,0.0036175580844890996,West Brom
Justin Kluivert,FW,0.0072150397303066,2,0.0036075198651533,Bournemouth
Victor Anichebe,FW,0.0071784100770575,2,0.00358920503852875,Sunderland
Carles Gil,FW,0.0070764876861544,1,0.0070764876861544,Aston Villa
Enes Ünal,FW,0.0070585862944107,2,0.00352929314720535,Bournemouth
Sofiane Boufal,FW,0.0069019683218348,2,0.0034509841609174,Southampton
Karlan Grant,FW,0.0067180693728809,2,0.00335903468644045,West Brom
Lewis Grabban,FW,0.0066919558774984995,2,0.0033459779387492498,Bournemouth
Gianluca Scamacca,FW,0.006674807190447,1,0.006674807190447,West Ham
Jean-Ricner Bellegarde,FW,0.006585173779705199,2,0.0032925868898525997,Wolves
Abel Hernández,FW,0.0065700427007601,1,0.0065700427007601,Hull City
Kamaldeen Sulemana,FW,0.0065301395312385,2,0.00326506976561925,Southampton
Ryan Babel,FW,0.0065077988432975,1,0.0065077988432975,Fulham
Moise Kean,FW,0.0064781428543867,3,0.0021593809514622335,Everton
Alex Pritchard,FW,0.0064679585902781,2,0.00323397929513905,Huddersfield
Luis Sinisterra,FW,0.0064352788679216,3,0.002145092955973867,Bournemouth
Maxwel Cornet,FW,0.0064334405760816,4,0.0016083601440204,Southampton
Tyler Roberts,FW,0.006414643892465,3,0.0021382146308216664,Leeds
Gabriel Agbonlahor,FW,0.0063938219093133,1,0.0063938219093133,Aston Villa
Mathys Tel,FW,0.0063763547615695,1,0.0063763547615695,Tottenham
Callum Paterson,FW,0.0063554100493137,1,0.0063554100493137,Cardiff
Alireza Jahanbakhsh,FW,0.0062482280760514,3,0.0020827426920171335,Brighton
Cameron Jerome,FW,0.0062338602003622,1,0.0062338602003622,Norwich
Joshua Zirkzee,FW,0.0062212529433542,1,0.0062212529433542,Manchester United
Stuart Armstrong,FW,0.0061846735445751,3,0.0020615578481917,Southampton
Mikel Merino,FW,0.0060928482680332,1,0.0060928482680332,Arsenal
Ben Brereton Díaz,FW,0.0060828347697773,2,0.00304141738488865,Southampton
Christopher Nkunku,FW,0.0060346969911114,2,0.0030173484955557,Chelsea
Felipe Anderson,FW,0.0059236147000109995,2,0.0029618073500054997,West Ham
Antoine Semenyo,FW,0.005837999082999,3,0.001945999694333,Bournemouth
Lucas Pérez,FW,0.0057835520484265,2,0.00289177602421325,West Ham
Keinan Davis,FW,0.0057817054337495,3,0.0019272351445831666,Aston Villa
Rhian Brewster,FW,0.0057500737658696,2,0.0028750368829348,Sheffield Utd
Mauro Zárate,FW,0.0057312442638752,2,0.0028656221319376,Watford
Pablo Fornals,FW,0.0056757478578558,4,0.00141893696446395,West Ham
Kevin Schade,FW,0.0056104440862823,3,0.0018701480287607666,Brentford
Keane Lewis-Potter,FW,0.0056021227159794,3,0.0018673742386598,Brentford
Florin Andone,FW,0.0055992252445885,2,0.00279961262229425,Brighton
Willian José,FW,0.0055742773812073,1,0.0055742773812073,Wolves
Andre Schürrle,FW,0.00555694374624,1,0.00555694374624,Fulham
Jürgen Locadia,FW,0.0055561479981665,4,0.001389036999541625,Brighton
Julio Enciso,FW,0.0055520433851469,3,0.0018506811283823,Ipswich
Harry Wilson,FW,0.005538434481185401,3,0.0018461448270618002,Fulham
Paul Onuachu,FW,0.0055049587937767,2,0.00275247939688835,Southampton
Mateus Fernandes,FW,0.0054968258444748,1,0.0054968258444748,Southampton
João Mário,FW,0.005443307710541,1,0.005443307710541,West Ham
Steven Naismith,FW,0.0054287593839809,1,0.0054287593839809,Norwich
Jack Clarke,FW,0.0053584345382756,1,0.0053584345382756,Ipswich
Takumi Minamino,FW,0.0053533764487784,3,0.0017844588162594665,Liverpool
Tahith Chong,FW,0.0053081542985902,3,0.0017693847661967334,Luton
Mbwana Samatta,FW,0.0053027445011272,1,0.0053027445011272,Aston Villa
Joe Gelhardt,FW,0.0052928752144535,2,0.00264643760722675,Leeds
Steven Fletcher,FW,0.0052799517126594,1,0.0052799517126594,Sunderland
Philip Billing,FW,0.0051976527099582,1,0.0051976527099582,Bournemouth
Bobby Reid,FW,0.0051754970932201,2,0.00258774854661005,Fulham
Daniel Jebbison,FW,0.005143285798178399,3,0.0017144285993927998,Bournemouth
Anthony Knockaert,FW,0.005062237547686,2,0.002531118773843,Brighton
Nordin Amrabat,FW,0.0050549295697032,3,0.0016849765232344,Watford
Jota Silva,FW,0.0050081963146293,1,0.0050081963146293,Nottingham Forest
Martin Ødegaard,FW,0.0050028873240223,2,0.00250144366201115,Arsenal
Mbaye Diagne,FW,0.00494248657271,1,0.00494248657271,West Brom
George Hirst,FW,0.0049205308210791,2,0.00246026541053955,Ipswich
Chiedozie Ogbene,FW,0.0048955499494437,2,0.00244777497472185,Ipswich
Ruben Loftus-Cheek,FW,0.0048694282146269,3,0.0016231427382089666,Fulham
Niclas Füllkrug,FW,0.004857007966761,1,0.004857007966761,West Ham
Eric Maxim Choupo-Moting,FW,0.0048566805015359,1,0.0048566805015359,Stoke City
Wesley,FW,0.0048548887312803,2,0.00242744436564015,Aston Villa
Facundo Buonanotte,FW,0.0048115417809882,2,0.0024057708904941,Leicester
Memphis Depay,FW,0.0048104962312449,2,0.00240524811562245,Manchester United
Oliver Burke,FW,0.0048073778018406,2,0.0024036889009203,Sheffield Utd
Simon Adingra,FW,0.0047888267423724,2,0.0023944133711862,Brighton
Francisco Trincão,FW,0.0047851037997217,1,0.0047851037997217,Wolves
Aaron Mooy,FW,0.004775959627241999,2,0.0023879798136209997,Brighton
Josh Maja,FW,0.0047415693908424,1,0.0047415693908424,Fulham
Manor Solomon,FW,0.0047027178447732,2,0.0023513589223866,Tottenham
Marshall Munetsi,FW,0.0046857769228597,1,0.0046857769228597,Wolves
Youri Tielemans,FW,0.0046848813526136,1,0.0046848813526136,Aston Villa
Kenneth Zohore,FW,0.0046396805732157,1,0.0046396805732157,Cardiff
Will Hughes,FW,0.0046350247471624,2,0.0023175123735812,Watford
Adama Diomandé,FW,0.0046027154973815,1,0.0046027154973815,Hull City
José Izquierdo,FW,0.0045369263366712,3,0.0015123087788903998,Brighton
Arouna Koné,FW,0.0045282733403135995,2,0.0022641366701567998,Everton
Rickie Lambert,FW,0.0044801895924294,2,0.0022400947962147,West Brom
Aboubakar Kamara,FW,0.0044608232858405,2,0.00223041164292025,Fulham
João Félix,FW,0.0044531146410558,2,0.0022265573205279,Chelsea
Savinho,FW,0.0044170361002393,1,0.0044170361002393,Manchester City
Nacer Chadli,FW,0.0043765366139516,2,0.0021882683069758,West Brom
Ethan Nwaneri,FW,0.0043313299619177,1,0.0043313299619177,Arsenal
Stewart Downing,FW,0.0043274008298585,1,0.0043274008298585,Middlesbrough
Lucas Paquetá,FW,0.0042830983698443,3,0.0014276994566147668,West Ham
David Silva,FW,0.0042464006754015,2,0.00212320033770075,Manchester City
Conor Gallagher,FW,0.0042398982003238,2,0.0021199491001619,Chelsea
Bryan Gil,FW,0.0042273395171336,3,0.0014091131723778666,Tottenham
Cucho Hernández,FW,0.0042170984471724,1,0.0042170984471724,Watford
Luciano Vietto,FW,0.0042072015845084,1,0.0042072015845084,Fulham
Sam Greenwood,FW,0.0041614669776427,2,0.00208073348882135,Leeds
Crysencio Summerville,FW,0.0041599974648944,2,0.0020799987324472,West Ham
Emmanuel Adebayor,FW,0.0040860899953213,1,0.0040860899953213,Crystal Palace
Antony,FW,0.0040651366415566,3,0.0013550455471855332,Manchester United
Josh Sargent,FW,0.0040309320039827,1,0.0040309320039827,Norwich
Adam Idah,FW,0.0039331821227753,2,0.00196659106138765,Norwich
Harry Arter,FW,0.0039329221063002,2,0.0019664610531501,Cardiff
Steven Davis,FW,0.0039122578262247,1,0.0039122578262247,Southampton
Saman Ghoddos,FW,0.0039099179047811,3,0.0013033059682603665,Brentford
Harvey Elliott,FW,0.0039022218324811,2,0.00195111091624055,Liverpool
James McClean,FW,0.0038795193904395,3,0.0012931731301465,West Brom
Josip Drmić,FW,0.0038122860416231,1,0.0038122860416231,Norwich
Yoshinori Muto,FW,0.0037914261159211,2,0.00189571305796055,Newcastle
Sam Clucas,FW,0.0037867485725513,2,0.00189337428627565,Swansea
Tom Cairney,FW,0.003724230482317,2,0.0018621152411585,Fulham
Emile Smith Rowe,FW,0.0037171719984541,2,0.00185858599922705,Fulham
Tyrique George,FW,0.0036793423645424,1,0.0036793423645424,Chelsea
Matt Phillips,FW,0.0036749438131505998,3,0.0012249812710501998,West Brom
Mykhaylo Mudryk,FW,0.0036685987787089,2,0.00183429938935445,Chelsea
Viktor Fischer,FW,0.0036648656361808,1,0.0036648656361808,Middlesbrough
Nolito,FW,0.0036586436195388,1,0.0036586436195388,Manchester City
Tomer Hemed,FW,0.0036583321381619,1,0.0036583321381619,Brighton
Andreas Pereira,FW,0.0036361801350674,2,0.0018180900675337,Fulham
André Carrillo,FW,0.0035648711724039,1,0.0035648711724039,Watford
Fabio Carvalho,FW,0.0035372895296601,3,0.0011790965098867,Brentford
Scott Arfield,FW,0.0035208241082412,2,0.0017604120541206,Burnley
Dane Scarlett,FW,0.0034857972905552002,4,0.0008714493226388001,Tottenham
James Morrison,FW,0.0034815459053813003,2,0.0017407729526906501,West Brom
Mohamed Elyounoussi,FW,0.0034464573903906,2,0.0017232286951953,Southampton
Josh Sims,FW,0.0034374443136048,2,0.0017187221568024,Southampton
Borja Bastón,FW,0.0034249349229651003,2,0.0017124674614825502,Aston Villa
Adnan Januzaj,FW,0.0034240134338042,1,0.0034240134338042,Sunderland
Nathan Dyer,FW,0.0034021248797544,2,0.0017010624398772,Swansea
Nathan Tella,FW,0.0033861520462318,3,0.0011287173487439333,Southampton
Youssef Chermiti,FW,0.0033746982880527,2,0.00168734914402635,Everton
John McGinn,FW,0.0033645026359631,1,0.0033645026359631,Aston Villa
Loïc Rémy,FW,0.0033229623704419996,2,0.0016614811852209998,Crystal Palace
Morgan Rogers,FW,0.0033116215402561,2,0.00165581077012805,Aston Villa
Gastón Ramírez,FW,0.0032780565410516,1,0.0032780565410516,Middlesbrough
Leandro Bacuna,FW,0.0032685328701888,1,0.0032685328701888,Aston Villa
Patrick Cutrone,FW,0.0032372816582981996,2,0.0016186408291490998,Wolves
Gareth Bale,FW,0.0032218740969511,1,0.0032218740969511,Tottenham
Scott Sinclair,FW,0.0032075667093068,1,0.0032075667093068,Aston Villa
Mikkel Damsgaard,FW,0.0031735111173536003,2,0.0015867555586768002,Brentford
Luciano Narsingh,FW,0.0031692027750068,2,0.0015846013875034,Swansea
Jack Hinshelwood,FW,0.0031674292173649,1,0.0031674292173649,Brighton
Dominik Szoboszlai,FW,0.0031511847307192,1,0.0031511847307192,Liverpool
Sam Surridge,FW,0.0031466911252208,3,0.0010488970417402666,Nottingham Forest
Jacob Bruun Larsen,FW,0.003142479885581,1,0.003142479885581,Burnley
João Gomes,FW,0.0031420945714671997,2,0.0015710472857335999,Wolves
Emmanuel Emenike,FW,0.0031094487719958,1,0.0031094487719958,West Ham
Ryan Sessegnon,FW,0.0031031354425275,1,0.0031031354425275,Fulham
Alberto Paloschi,FW,0.0030780181407868,1,0.0030780181407868,Swansea
Omar Marmoush,FW,0.0030769939093579,1,0.0030769939093579,Manchester City
Ramadan Sobhi,FW,0.0030734753041018,2,0.0015367376520509,Stoke City
James McArthur,FW,0.0030583855698715,2,0.00152919278493575,Crystal Palace
Junior Stanislas,FW,0.0030497709793848,2,0.0015248854896924,Bournemouth
Bakary Sako,FW,0.0030329734507425,2,0.00151648672537125,Crystal Palace
Collin Quaner,FW,0.0030109966105044,2,0.0015054983052522,Huddersfield
Adam Johnson,FW,0.0029572754223399,1,0.0029572754223399,Sunderland
Tom Cleverley,FW,0.0029456023054287997,2,0.0014728011527143999,Watford
Lee Tomlin,FW,0.0029395985449019,1,0.0029395985449019,Bournemouth
Gustavo Hamer,FW,0.0029230521975002,1,0.0029230521975002,Sheffield Utd
Ashley Fletcher,FW,0.0029194026775323997,2,0.0014597013387661999,Watford
Jeremain Lens,FW,0.0029165555889712003,2,0.0014582777944856001,Sunderland
Josh Brownhill,FW,0.0029125086404427,2,0.00145625432022135,Burnley
Sékou Mara,FW,0.0028790919589081,1,0.0028790919589081,Southampton
Deniz Undav,FW,0.0028602140810131,1,0.0028602140810131,Brighton
Josh Harrop,FW,0.0028290988929367,1,0.0028290988929367,Manchester United
David Brooks,FW,0.0027878231626946,1,0.0027878231626946,Bournemouth
Fraizer Campbell,FW,0.0027845178091444,2,0.0013922589045722,Crystal Palace
Wahbi Khazri,FW,0.0027656336418325,1,0.0027656336418325,Sunderland
Daniel Ward,FW,0.0027611272723378,1,0.0027611272723378,Cardiff
Iliman Ndiaye,FW,0.0027555780863745,1,0.0027555780863745,Everton
Ross Stewart,FW,0.0027465452239183,1,0.0027465452239183,Southampton
Saša Kalajdžić,FW,0.0027200583706609,2,0.00136002918533045,Wolves
Wilfried Gnonto,FW,0.0026986465352207,1,0.0026986465352207,Leeds
Jesé Rodríguez,FW,0.0026872678314711,1,0.0026872678314711,Stoke City
Lewis Dobbin,FW,0.0026787055416952,2,0.0013393527708476,Everton
N'Golo Kanté,FW,0.0026753154250899,1,0.0026753154250899,Chelsea
William Osula,FW,0.0026745091557848003,2,0.0013372545778924001,Newcastle
Jaidon Anthony,FW,0.0026338464422172,2,0.0013169232211086,Bournemouth
Will Keane,FW,0.0026195714042653003,2,0.0013097857021326501,Hull City
Jeremy Sarmiento,FW,0.0025927123233545,2,0.00129635616167725,Brighton
Kaoru Mitoma,FW,0.0025887327439756,2,0.0012943663719878,Brighton
Brajan Gruda,FW,0.0025861666281316,1,0.0025861666281316,Brighton
Moussa Sissoko,FW,0.0025828510337507,2,0.00129142551687535,Tottenham
Juanmi,FW,0.0025823232721036,1,0.0025823232721036,Southampton
Jacob Brown,FW,0.0025773321256571,1,0.0025773321256571,Luton
Divin Mubama,FW,0.0025710950727268,3,0.0008570316909089333,Manchester City
James McAtee,FW,0.0025482993851213,1,0.0025482993851213,Sheffield Utd
Éder,FW,0.0025198425130525,1,0.0025198425130525,Swansea
Libor Kozák,FW,0.0025128911432338,1,0.0025128911432338,Aston Villa
Cesc Fàbregas,FW,0.0025021583306211,2,0.00125107916531055,Chelsea
Marouane Chamakh,FW,0.0024983109250961,1,0.0024983109250961,Crystal Palace
Edimilson Fernandes,FW,0.0024925285672481997,2,0.0012462642836240999,West Ham
Alexander Sørloth,FW,0.0024872752865196,2,0.0012436376432598,Crystal Palace
Tanguy Ndombélé,FW,0.0024427419991487,1,0.0024427419991487,Tottenham
Marco Asensio,FW,0.0024133872698142,1,0.0024133872698142,Aston Villa
Jonathan Calleri,FW,0.0023611909361279,1,0.0023611909361279,West Ham
Danilo,FW,0.0023601329296037,2,0.00118006646480185,Nottingham Forest
Arnaut Danjuma,FW,0.002355278942146,2,0.001177639471073,Everton
Cauley Woodrow,FW,0.0023547106642494,1,0.0023547106642494,Luton
Max Gradel,FW,0.0023496073998218,2,0.0011748036999109,Bournemouth
Ryan Christie,FW,0.0023421514175659,1,0.0023421514175659,Bournemouth
Tyler Dibling,FW,0.0023251607347332,1,0.0023251607347332,Southampton
Sergi Canós,FW,0.0023030142461177,2,0.00115150712305885,Brentford
Ken Sema,FW,0.0022998595793096,1,0.0022998595793096,Watford
M'Baye Niang,FW,0.0022768416824797,1,0.0022768416824797,Watford
Ferran Torres,FW,0.0022625562924742,1,0.0022625562924742,Manchester City
Yankuba Minteh,FW,0.0022574380598503,1,0.0022574380598503,Brighton
Josh Murphy,FW,0.0022365570347148,1,0.0022365570347148,Cardiff
Milot Rashica,FW,0.0021754071871887,1,0.0021754071871887,Norwich
Richairo Zivkovic,FW,0.0021653569441881,1,0.0021653569441881,Sheffield Utd
Elias Kachunga,FW,0.0021555081874647,2,0.00107775409373235,Huddersfield
Amadou Onana,FW,0.0021495049671705,1,0.0021495049671705,Everton
James Milner,FW,0.0021443976848172,1,0.0021443976848172,Liverpool
Federico Chiesa,FW,0.0021423236715385,1,0.0021423236715385,Liverpool
Marcus Tavernier,FW,0.0021344573390716,2,0.0010672286695358,Bournemouth
Stephy Mavididi,FW,0.0021282732807128,1,0.0021282732807128,Leicester
Isaac Mbenza,FW,0.0021240255305913,1,0.0021240255305913,Huddersfield
Mike Trésor,FW,0.002113558406533,1,0.002113558406533,Burnley
Aaron Ramsey,FW,0.0020926354844836,2,0.0010463177422418,Arsenal
Evandro,FW,0.0020836187845572,1,0.0020836187845572,Hull City
Jason Puncheon,FW,0.0020768079170219,1,0.0020768079170219,Crystal Palace
Chiquinho,FW,0.0020682471188931,2,0.00103412355944655,Wolves
Enock Mwepu,FW,0.0020572517461819,2,0.00102862587309095,Brighton
Kiernan Dewsbury-Hall,FW,0.0020558675750529,1,0.0020558675750529,Leicester
Ashley Young,FW,0.0020354387055627,1,0.0020354387055627,Aston Villa
Matheus França,FW,0.0020260448708566,2,0.0010130224354283,Crystal Palace
Matt O'Riley,FW,0.0020033954485533,1,0.0020033954485533,Brighton
Christian Stuani,FW,0.0019829828759425,1,0.0019829828759425,Middlesbrough
Juan Iturbe,FW,0.0019814578590343,1,0.0019814578590343,Bournemouth
Clinton N'Jie,FW,0.001969695330185,1,0.001969695330185,Tottenham
Jacob Ramsey,FW,0.0019629535021808003,2,0.0009814767510904002,Aston Villa
Ellis Simms,FW,0.001957185513431,2,0.0009785927567155,Everton
Ricardo Pereira,FW,0.0019425406786209,1,0.0019425406786209,Leicester
Ismaila Sarr,FW,0.0019318602435712,1,0.0019318602435712,Watford
Dame N'Doye,FW,0.0019222380792974,1,0.0019222380792974,Sunderland
Hamed Junior Traorè,FW,0.0019205970941579,1,0.0019205970941579,Bournemouth
Idrissa Gueye,FW,0.0019136000629827,1,0.0019136000629827,Aston Villa
Simone Zaza,FW,0.0019122347706404,1,0.0019122347706404,West Ham
Jerome Sinclair,FW,0.0019093578245030001,2,0.0009546789122515001,Watford
Ben Osborn,FW,0.0018771143068511,1,0.0018771143068511,Sheffield Utd
Radamel Falcao,FW,0.0018767859839491,1,0.0018767859839491,Chelsea
Guido Carrillo,FW,0.0018648203892168,1,0.0018648203892168,Southampton
Jefferson Montero,FW,0.0018627908515933,2,0.00093139542579665,Swansea
Ansu Fati,FW,0.0018519832961653,1,0.0018519832961653,Brighton
Alexandre Pato,FW,0.0018471319119396,1,0.0018471319119396,Chelsea
Yves Bissouma,FW,0.0018463111649749,2,0.00092315558248745,Brighton
Kenedy,FW,0.0018191148736,1,0.0018191148736,Chelsea
Craig Gardner,FW,0.0018179395694687,1,0.0018179395694687,West Brom
Jayden Danns,FW,0.0018142663776246001,2,0.0009071331888123001,Liverpool
Julien Ngoy,FW,0.0018107133595705,2,0.00090535667978525,Stoke City
Samuel Edozie,FW,0.0018101747557573,1,0.0018101747557573,Southampton
Jonathan Howson,FW,0.0018079465554188,1,0.0018079465554188,Norwich
Joe Aribo,FW,0.0017847348403103,1,0.0017847348403103,Southampton
Angel Gomes,FW,0.0017785083750949,1,0.0017785083750949,Manchester United
Floyd Ayité,FW,0.0017760132448139,1,0.0017760132448139,Fulham
Rodrigo Gomes,FW,0.0017676091354992,1,0.0017676091354992,Wolves
Leander Dendoncker,FW,0.0017634058876181,1,0.0017634058876181,Wolves
Rajiv Van La Parra,FW,0.001752622973157,2,0.0008763114865785,Huddersfield
Rolando Aarons,FW,0.0017473062594002,2,0.0008736531297001,Newcastle
Dan N'Lundulu,FW,0.0017459549965147,1,0.0017459549965147,Southampton
Mario Lemina,FW,0.0017441758574595,2,0.00087208792872975,Wolves
Sofiane Feghouli,FW,0.001736720383157,1,0.001736720383157,West Ham
Adama Diakhaby,FW,0.0017126948759394,1,0.0017126948759394,Huddersfield
Antwoine Hackford,FW,0.0017116509533932,2,0.0008558254766966,Sheffield Utd
Elliot Anderson,FW,0.0017056970862454,1,0.0017056970862454,Newcastle
Fousseni Diabaté,FW,0.0017042878156214,1,0.0017042878156214,Leicester
Ramón Sosa,FW,0.0016967502571508,1,0.0016967502571508,Nottingham Forest
George Honeyman,FW,0.0016955848860421,1,0.0016955848860421,Sunderland
Jay Stansfield,FW,0.0016779665866604,2,0.0008389832933302,Fulham
Jesús Navas,FW,0.0016735222408532,1,0.0016735222408532,Manchester City
Shola Shoretire,FW,0.0016723602484471,2,0.00083618012422355,Manchester United
Curtis Jones,FW,0.0016723467611407,1,0.0016723467611407,Liverpool
İlkay Gündoğan,FW,0.0016638956253184,1,0.0016638956253184,Manchester City
Christos Tzolis,FW,0.0016634413269959,1,0.0016634413269959,Norwich
José Jurado,FW,0.0016535396015095,1,0.0016535396015095,Watford
Samuel Amo-Ameyaw,FW,0.0016473334882232,2,0.0008236667441116,Southampton
Alessandro Diamanti,FW,0.0016431978800921,1,0.0016431978800921,Watford
Thomas Cannon,FW,0.0016325542083075,2,0.00081627710415375,Everton
Ahmed Musa,FW,0.0016321585352957,1,0.0016321585352957,Leicester
Donyell Malen,FW,0.0016308926610613,1,0.0016308926610613,Aston Villa
Tommy Doyle,FW,0.0016218041189946,1,0.0016218041189946,Wolves
Ander Herrera,FW,0.001621611294008,1,0.001621611294008,Manchester United
Jack Wilshere,FW,0.0016195679563269,1,0.0016195679563269,Bournemouth
Lazar Marković,FW,0.0016045133540377,1,0.0016045133540377,Hull City
Kaide Gordon,FW,0.0015924194638431,2,0.00079620973192155,Liverpool
Étienne Capoue,FW,0.0015804509259568,1,0.0015804509259568,Watford
Ben Doak,FW,0.0015750744129643,2,0.00078753720648215,Liverpool
Tomáš Souček,FW,0.0015301382579514,1,0.0015301382579514,West Ham
Léo Bonatini,FW,0.0015189272662721,1,0.0015189272662721,Wolves
Percy Tau,FW,0.0015142886769128,1,0.0015142886769128,Brighton
Sheyi Ojo,FW,0.001513484595041,1,0.001513484595041,Liverpool
Ikechi Anya,FW,0.0015095730993931,1,0.0015095730993931,Watford
Carlos Alcaraz,FW,0.0015015129462424,1,0.0015015129462424,Southampton
Ian Carlo Poveda,FW,0.0014921323777884,1,0.0014921323777884,Leeds
Oscar Bobb,FW,0.0014875971193774,1,0.0014875971193774,Manchester City
Stéphane Sessègnon,FW,0.0014835833548153,1,0.0014835833548153,West Brom
Joel Campbell,FW,0.0014768855003624,1,0.0014768855003624,Arsenal
Matheus Nunes,FW,0.0014651074114209,1,0.0014651074114209,Manchester City
Anass Zaroury,FW,0.0014536753593833,1,0.0014536753593833,Burnley
Enzo Fernández,FW,0.0014410964998272,1,0.0014410964998272,Chelsea
Rachid Ghezzal,FW,0.0014125658935408,1,0.0014125658935408,Leicester
Steven Alzate,FW,0.0014065447253489,1,0.0014065447253489,Brighton
Bilal El Khannouss,FW,0.0013824692310995,1,0.0013824692310995,Leicester
Romain Esse,FW,0.0013802752769364,1,0.0013802752769364,Crystal Palace
Diogo Dalot,FW,0.0013560960595704,1,0.0013560960595704,Manchester United
Jay Robinson,FW,0.0013328300920151,1,0.0013328300920151,Southampton
Christian Atsu,FW,0.0013277624114442,1,0.0013277624114442,Newcastle
Yann Kermorgant,FW,0.001325744392813,1,0.001325744392813,Bournemouth
David Nugent,FW,0.0013069197778392,1,0.0013069197778392,Middlesbrough
Eunan O'Kane,FW,0.0012949839258003,1,0.0012949839258003,Bournemouth
Carney Chukwuemeka,FW,0.001282487635292,1,0.001282487635292,Chelsea
Conor Chaplin,FW,0.0012683121304294,1,0.0012683121304294,Ipswich
Victor Moses,FW,0.0012573066528529,1,0.0012573066528529,West Ham
Jake Evans,FW,0.0012560062255582,1,0.0012560062255582,Leicester
Pablo Hernández,FW,0.0012511667831991,1,0.0012511667831991,Leeds
Ivan Perišić,FW,0.0012495654458729,1,0.0012495654458729,Tottenham
Benie Traore,FW,0.0012465542871999,1,0.0012465542871999,Sheffield Utd
Daichi Kamada,FW,0.0012450487427431,1,0.0012450487427431,Crystal Palace
Nathan Broadhead,FW,0.0012371541422184,1,0.0012371541422184,Ipswich
Jonathan Leko,FW,0.0012273997451759,1,0.0012273997451759,West Brom
Marcus Forss,FW,0.0012226295945802,1,0.0012226295945802,Brentford
Georginio Wijnaldum,FW,0.001220403610164,1,0.001220403610164,Newcastle
Kieran Dowell,FW,0.0012162359638844,1,0.0012162359638844,Norwich
Jonathan Kodjia,FW,0.0012106993580955,1,0.0012106993580955,Aston Villa
Nathan Fraser,FW,0.0011948491872678,1,0.0011948491872678,Wolves
Mateusz Klich,FW,0.0011793248941273,1,0.0011793248941273,Leeds
Albian Ajeti,FW,0.0011712012622987,1,0.0011712012622987,West Ham
Jota,FW,0.0011574522931543,1,0.0011574522931543,Aston Villa
Rodrigo Ribeiro,FW,0.0011519755684403,1,0.0011519755684403,Nottingham Forest
João Moutinho,FW,0.0011516495399296,1,0.0011516495399296,Wolves
Sergio Gómez,FW,0.0011473970736459,1,0.0011473970736459,Manchester City
Jordan Rhodes,FW,0.0011402107699735,1,0.0011402107699735,Middlesbrough
Seydou Doumbia,FW,0.0011297246067109,1,0.0011297246067109,Newcastle
Nathaniel Mendez-Laing,FW,0.001122021078676,1,0.001122021078676,Cardiff
Rhys Healey,FW,0.0011217399173732,1,0.0011217399173732,Cardiff
Junior Hoilett,FW,0.0011167085038954,1,0.0011167085038954,Cardiff
Dan Gosling,FW,0.0011151032557643,1,0.0011151032557643,Bournemouth
Aaron Wan-Bissaka,FW,0.001114773781384,1,0.001114773781384,Manchester United
Dennis Srbeny,FW,0.0011062139526356,1,0.0011062139526356,Norwich
Mikey Moore,FW,0.0011039668540568,1,0.0011039668540568,Tottenham
Jon Rowe,FW,0.0010980965672108,1,0.0010980965672108,Norwich
Marc Pugh,FW,0.0010973985191487,1,0.0010973985191487,Bournemouth
Tariq Lamptey,FW,0.0010970729883781,1,0.0010970729883781,Brighton
Joe Lolley,FW,0.0010960159510941,1,0.0010960159510941,Huddersfield
Brandon Pierrick,FW,0.0010958600066132,1,0.0010958600066132,Crystal Palace
Marvin Emnes,FW,0.0010841019520878,1,0.0010841019520878,Swansea
Abdul Fatawu Issahaku,FW,0.0010830314094492,1,0.0010830314094492,Leicester
Jordan Clark,FW,0.0010767342368258,1,0.0010767342368258,Luton
Luis Guilherme,FW,0.0010746873929741,1,0.0010746873929741,West Ham
Tokelo Rantie,FW,0.0010745973549184,1,0.0010745973549184,Bournemouth
Joe Allen,FW,0.0010724653437919,1,0.0010724653437919,Stoke City
Troy Parrott,FW,0.0010689828447216,1,0.0010689828447216,Tottenham
Adrien Silva,FW,0.0010599288279095,1,0.0010599288279095,Leicester
Justin Devenny,FW,0.0010534586101548,1,0.0010534586101548,Crystal Palace
Davy Klaassen,FW,0.0010495685098502,1,0.0010495685098502,Everton
Pierre Lees Melou,FW,0.0010473802792825,1,0.0010473802792825,Norwich
Josh Martin,FW,0.0010378960619661,1,0.0010378960619661,Norwich
Carlos Soler,FW,0.0010372334979943,1,0.0010372334979943,West Ham
Przemysław Płacheta,FW,0.0010342414503982,1,0.0010342414503982,Norwich
Modibo Maiga,FW,0.0010284833799264,1,0.0010284833799264,West Ham
Víctor Camarasa,FW,0.0010269644903647,1,0.0010269644903647,Cardiff
Markus Henriksen,FW,0.0010266986089253,1,0.0010266986089253,Hull City
Víctor Ibarbo,FW,0.001019750745226,1,0.001019750745226,Watford
Peter Odemwingie,FW,0.0010151268842266,1,0.0010151268842266,Stoke City
Brenden Aaronson,FW,0.0010144529002794,1,0.0010144529002794,Leeds
Theo Corbeanu,FW,0.0010116225894288,1,0.0010116225894288,Wolves
Steven Berghuis,FW,0.0010108663119134,1,0.0010108663119134,Watford
Steven Pienaar,FW,0.0010105181243206,1,0.0010105181243206,Sunderland
Jaden Philogene-Bidace,FW,0.001008374666404,1,0.001008374666404,Ipswich
Gary Madine,FW,0.0010046775859081,1,0.0010046775859081,Cardiff
Emmanuel Rivière,FW,0.0009970220966811,1,0.0009970220966811,Newcastle
Luca Koleosho,FW,0.0009959193606905,1,0.0009959193606905,Burnley
Samuel Kalu,FW,0.0009884751866267,1,0.0009884751866267,Watford
Danny Graham,FW,0.0009637587586302,1,0.0009637587586302,Sunderland
Igor Thiago,FW,0.0009627846818576,1,0.0009627846818576,Brentford
Marc Guiu,FW,0.0009508210507283,1,0.0009508210507283,Chelsea
Chung-yong Lee,FW,0.0009505794567931,1,0.0009505794567931,Crystal Palace
Dennis Praet,FW,0.0009498705663624,1,0.0009498705663624,Leicester
Mark Noble,FW,0.0009486667694481,1,0.0009486667694481,West Ham
Joel Mumbongo,FW,0.0009446769184456,1,0.0009446769184456,Burnley
Cheikhou Kouyaté,FW,0.0009440531009387,1,0.0009440531009387,West Ham
Alejo Véliz,FW,0.0009365523212908,1,0.0009365523212908,Tottenham
Manuel Benson,FW,0.000935586865205,1,0.000935586865205,Burnley
Rushian Hepburn-Murphy,FW,0.0009350223009838,1,0.0009350223009838,Aston Villa
Jonjo Shelvey,FW,0.0009316770186335,1,0.0009316770186335,Newcastle
Leon Clarke,FW,0.0009316770186335,1,0.0009316770186335,Sheffield Utd
Max Thompson,FW,0.0009316770186335,1,0.0009316770186335,Burnley
Moussa Djenepo,FW,0.0009316770186335,1,0.0009316770186335,Southampton
Xande Silva,FW,0.0009311809594048,1,0.0009311809594048,West Ham
Andi Zeqiri,FW,0.0009294536866363,1,0.0009294536866363,Brighton
Jordon Mutch,FW,0.0009198693691938,1,0.0009198693691938,Crystal Palace
Todd Cantwell,FW,0.0009184369297041,1,0.0009184369297041,Norwich
Abdelhamid Sabiri,FW,0.0009146341463414,1,0.0009146341463414,Huddersfield
Sam Gallagher,FW,0.0009146341463414,1,0.0009146341463414,Southampton
Tyreke Johnson,FW,0.0009146341463414,1,0.0009146341463414,Southampton
Mark O'Mahony,FW,0.0008997494954396,1,0.0008997494954396,Brighton
Andrej Kramarić,FW,0.0008914471953716,1,0.0008914471953716,Leicester
Deivid Washington,FW,0.0008864567524625,1,0.0008864567524625,Chelsea
Yoan Gouffran,FW,0.0008850583037936,1,0.0008850583037936,Newcastle
Kobbie Mainoo,FW,0.0008729933056708,1,0.0008729933056708,Manchester United
Jonathan Rowe,FW,0.0008664648269012,1,0.0008664648269012,Norwich
André Zambo Anguissa,FW,0.0008571428571428,1,0.0008571428571428,Fulham
Grady Diangana,FW,0.0008571428571428,1,0.0008571428571428,West Brom
Joshua Onomah,FW,0.0008571428571428,1,0.0008571428571428,Fulham
Kyle Edwards,FW,0.0008571428571428,1,0.0008571428571428,West Brom
Niall Huggins,FW,0.0008571428571428,1,0.0008571428571428,Leeds
Nélson Semedo,FW,0.0008571428571428,1,0.0008571428571428,Wolves
Owen Otasowie,FW,0.0008571428571428,1,0.0008571428571428,Wolves
Vitinha,FW,0.0008571428571428,1,0.0008571428571428,Wolves
Chem Campbell,FW,0.0008570074231865,1,0.0008570074231865,Wolves
Gabriel Obertan,FW,0.0008522727272727,1,0.0008522727272727,Newcastle
Gary Hooper,FW,0.0008522727272727,1,0.0008522727272727,Norwich
James Wilson,FW,0.0008522727272727,1,0.0008522727272727,Manchester United
Joe Dodoo,FW,0.0008522727272727,1,0.0008522727272727,Leicester
Kevin Nolan,FW,0.0008522727272727,1,0.0008522727272727,West Ham
Kyle Lafferty,FW,0.0008522727272727,1,0.0008522727272727,Norwich
Obbi Oulare,FW,0.0008522727272727,1,0.0008522727272727,Watford
Siem de Jong,FW,0.0008522727272727,1,0.0008522727272727,Newcastle
Albert Grønbæk,FW,0.0008464462172273,1,0.0008464462172273,Southampton
Tetê,FW,0.0008443431386427,1,0.0008443431386427,Leicester
Sandro Ramírez,FW,0.0008422035153693,1,0.0008422035153693,Everton
Ben Woodburn,FW,0.0008379888268156,1,0.0008379888268156,Liverpool
Daniel Agyei,FW,0.0008379888268156,1,0.0008379888268156,Burnley
Freddie Ladapo,FW,0.0008379888268156,1,0.0008379888268156,Crystal Palace
Grzegorz Krychowiak,FW,0.0008379888268156,1,0.0008379888268156,West Brom
Gökhan Töre,FW,0.0008379888268156,1,0.0008379888268156,West Ham
Ibrahim Afellay,FW,0.0008379888268156,1,0.0008379888268156,Stoke City
Isaiah Brown,FW,0.0008379888268156,1,0.0008379888268156,Brighton
Jamie Murphy,FW,0.0008379888268156,1,0.0008379888268156,Brighton
Jonathan Benteke,FW,0.0008379888268156,1,0.0008379888268156,Crystal Palace
Jordan Hugill,FW,0.0008379888268156,1,0.0008379888268156,West Ham
Jérémie Boga,FW,0.0008379888268156,1,0.0008379888268156,Chelsea
Leroy Fer,FW,0.0008379888268156,1,0.0008379888268156,Swansea
Lukas Jutkiewicz,FW,0.0008379888268156,1,0.0008379888268156,Burnley
Lukas Nmecha,FW,0.0008379888268156,1,0.0008379888268156,Manchester City
Michael Folivi,FW,0.0008379888268156,1,0.0008379888268156,Watford
Nahki Wells,FW,0.0008379888268156,1,0.0008379888268156,Burnley
Nikola Vlašić,FW,0.0008379888268156,1,0.0008379888268156,Everton
Patrick van Aanholt,FW,0.0008379888268156,1,0.0008379888268156,Crystal Palace
Sam Baldock,FW,0.0008379888268156,1,0.0008379888268156,Brighton
Thomas Ince,FW,0.0008379888268156,1,0.0008379888268156,Huddersfield
Tom Davies,FW,0.0008379888268156,1,0.0008379888268156,Everton
Tyrese Campbell,FW,0.0008379888268156,1,0.0008379888268156,Stoke City
Will Lankshear,FW,0.000817289148918,1,0.000817289148918,Tottenham
Folarin Balogun,FW,0.0008152173913043,1,0.0008152173913043,Arsenal
Jakub Moder,FW,0.0008152173913043,1,0.0008152173913043,Brighton
Joshua Dasilva,FW,0.0008152173913043,1,0.0008152173913043,Brentford
Kayky,FW,0.0008152173913043,1,0.0008152173913043,Manchester City
Nathan Young-Coombes,FW,0.0008152173913043,1,0.0008152173913043,Brentford
Wesley Moraes,FW,0.0008152173913043,1,0.0008152173913043,Aston Villa
Will Smallbone,FW,0.0008152173913043,1,0.0008152173913043,Southampton
Martial Godo,FW,0.0008048570366484,1,0.0008048570366484,Fulham
Alex Mighten,FW,0.0007978723404255,1,0.0007978723404255,Nottingham Forest
Dominic Ballard,FW,0.0007978723404255,1,0.0007978723404255,Southampton
Flynn Downes,FW,0.0007978723404255,1,0.0007978723404255,West Ham
Halil Dervişoğlu,FW,0.0007978723404255,1,0.0007978723404255,Brentford
Jamal Lowe,FW,0.0007978723404255,1,0.0007978723404255,Bournemouth
João Cancelo,FW,0.0007978723404255,1,0.0007978723404255,Manchester City
Kyle Walker,FW,0.0007978723404255,1,0.0007978723404255,Manchester City
Marquinhos,FW,0.0007978723404255,1,0.0007978723404255,Arsenal
Mateo Fernandez,FW,0.0007978723404255,1,0.0007978723404255,Leeds
Mateo Joseph,FW,0.0007978723404255,1,0.0007978723404255,Leeds
Mislav Oršić,FW,0.0007978723404255,1,0.0007978723404255,Southampton
Ali Al-Hamadi,FW,0.0007943849585357,1,0.0007943849585357,Ipswich
Carlos Borges,FW,0.00078125,1,0.00078125,Wolves
Carlos Forbs,FW,0.00078125,1,0.00078125,Wolves
Chido Obi-Martin,FW,0.00078125,1,0.00078125,Manchester United
Eric da Silva Moreira,FW,0.00078125,1,0.00078125,Nottingham Forest
Gustavo Nunes,FW,0.00078125,1,0.00078125,Brentford
Harry Howell,FW,0.00078125,1,0.00078125,Brighton
Mateus Mané,FW,0.00078125,1,0.00078125,Wolves
Nathan Butler-Oyedeji,FW,0.00078125,1,0.00078125,Arsenal
Omari Hutchinson,FW,0.00078125,1,0.00078125,Ipswich
Remy Rees-Dottin,FW,0.00078125,1,0.00078125,Bournemouth
Shumaira Mheuka,FW,0.00078125,1,0.00078125,Chelsea
Wes Burns,FW,0.00078125,1,0.00078125,Ipswich
Wilfred Ndidi,FW,0.00078125,1,0.00078125,Leicester
Zain Silcott-Duberry,FW,0.00078125,1,0.00078125,Bournemouth
Alejo Veliz,FW,0.0007772020725388,1,0.0007772020725388,Tottenham
Alex Matos,FW,0.0007772020725388,1,0.0007772020725388,Chelsea
Amadou Diallo,FW,0.0007772020725388,1,0.0007772020725388,Newcastle
Andre Brooks,FW,0.0007772020725388,1,0.0007772020725388,Sheffield Utd
Anis Ben Slimane,FW,0.0007772020725388,1,0.0007772020725388,Sheffield Utd
Ben Parkinson,FW,0.0007772020725388,1,0.0007772020725388,Newcastle
Benicio Boaitey,FW,0.0007772020725388,1,0.0007772020725388,Brighton
Enso González,FW,0.0007772020725388,1,0.0007772020725388,Wolves
Ethan Wheatley,FW,0.0007772020725388,1,0.0007772020725388,Manchester United
Jamie Donley,FW,0.0007772020725388,1,0.0007772020725388,Tottenham
Jóhann Guðmundsson,FW,0.0007772020725388,1,0.0007772020725388,Burnley
Leon Chiwome,FW,0.0007772020725388,1,0.0007772020725388,Wolves
Mason Burstow,FW,0.0007772020725388,1,0.0007772020725388,Chelsea
Michael Ndiweni,FW,0.0007772020725388,1,0.0007772020725388,Newcastle
Michael Olakigbe,FW,0.0007772020725388,1,0.0007772020725388,Brentford
Nicolò Zaniolo,FW,0.0007772020725388,1,0.0007772020725388,Aston Villa
Rayan Aït Nouri,FW,0.0007772020725388,1,0.0007772020725388,Wolves
Scott McTominay,FW,0.0007772020725388,1,0.0007772020725388,Manchester United
Tawanda Chirewa,FW,0.0007772020725388,1,0.0007772020725388,Wolves
